ISO-10303-21;
HEADER;
/* Generated by software containing ST-Developer
 * from STEP Tools, Inc. (www.steptools.com) 
 */

FILE_DESCRIPTION(
/* description */ (''),
/* implementation_level */ '2;1');

FILE_NAME(
/* name */ 'LCD_podstawa.stp',
/* time_stamp */ '2025-12-08T10:38:34+01:00',
/* author */ ('juras'),
/* organization */ (''),
/* preprocessor_version */ 'ST-DEVELOPER v20',
/* originating_system */ 'Autodesk Inventor 2025',
/* authorisation */ '');

FILE_SCHEMA (('AUTOMOTIVE_DESIGN { 1 0 10303 214 3 1 1 }'));
ENDSEC;

DATA;
#10=MECHANICAL_DESIGN_GEOMETRIC_PRESENTATION_REPRESENTATION('',(#17),#2479);
#11=GEOMETRICALLY_BOUNDED_WIREFRAME_SHAPE_REPRESENTATION('',(#12,#13),#2478);
#12=GEOMETRIC_CURVE_SET('Szkic6',(#2474));
#13=GEOMETRIC_CURVE_SET('Szkic19',(#2475));
#14=SHAPE_REPRESENTATION_RELATIONSHIP('SRR','None',#2486,#16);
#15=SHAPE_REPRESENTATION_RELATIONSHIP('SRR','None',#2486,#11);
#16=ADVANCED_BREP_SHAPE_REPRESENTATION('',(#18),#2478);
#17=STYLED_ITEM('',(#2495),#18);
#18=MANIFOLD_SOLID_BREP('Bry\X2\0142\X0\a1',#1312);
#19=SPHERICAL_SURFACE('',#1435,1.);
#20=SPHERICAL_SURFACE('',#1446,1.);
#21=B_SPLINE_SURFACE_WITH_KNOTS('',3,3,((#2152,#2153,#2154,#2155,#2156),
(#2157,#2158,#2159,#2160,#2161),(#2162,#2163,#2164,#2165,#2166),(#2167,
#2168,#2169,#2170,#2171),(#2172,#2173,#2174,#2175,#2176)),.UNSPECIFIED.,
 .F.,.F.,.F.,(4,1,4),(4,1,4),(0.,0.571428571428571,1.),(-1.5707963267949,
-1.11850601277039,-0.515452260737704),.UNSPECIFIED.);
#22=B_SPLINE_SURFACE_WITH_KNOTS('',3,3,((#2186,#2187,#2188,#2189),(#2190,
#2191,#2192,#2193),(#2194,#2195,#2196,#2197),(#2198,#2199,#2200,#2201),
(#2202,#2203,#2204,#2205)),.UNSPECIFIED.,.F.,.F.,.F.,(4,1,4),(4,4),(0.,
0.571428571428571,1.),(0.675843078467143,1.5707963267949),.UNSPECIFIED.);
#23=B_SPLINE_SURFACE_WITH_KNOTS('',3,3,((#2234,#2235,#2236,#2237),(#2238,
#2239,#2240,#2241),(#2242,#2243,#2244,#2245),(#2246,#2247,#2248,#2249),
(#2250,#2251,#2252,#2253)),.UNSPECIFIED.,.F.,.F.,.F.,(4,1,4),(4,4),(0.,
0.571428571428571,1.),(0.675843078467143,1.5707963267949),.UNSPECIFIED.);
#24=B_SPLINE_SURFACE_WITH_KNOTS('',3,3,((#2264,#2265,#2266,#2267,#2268),
(#2269,#2270,#2271,#2272,#2273),(#2274,#2275,#2276,#2277,#2278),(#2279,
#2280,#2281,#2282,#2283),(#2284,#2285,#2286,#2287,#2288)),.UNSPECIFIED.,
 .F.,.F.,.F.,(4,1,4),(4,1,4),(0.,0.571428571428571,1.),(-1.5707963267949,
-1.11850601277038,-0.515452260737704),.UNSPECIFIED.);
#25=B_SPLINE_SURFACE_WITH_KNOTS('',3,3,((#2338,#2339,#2340,#2341,#2342,
#2343),(#2344,#2345,#2346,#2347,#2348,#2349),(#2350,#2351,#2352,#2353,#2354,
#2355),(#2356,#2357,#2358,#2359,#2360,#2361),(#2362,#2363,#2364,#2365,#2366,
#2367)),.UNSPECIFIED.,.F.,.F.,.F.,(4,1,4),(4,1,1,4),(0.,0.5,1.),(-5.76220497666694E-17,
0.448798950512827,0.897597901025654,1.57079632679489),.UNSPECIFIED.);
#26=B_SPLINE_SURFACE_WITH_KNOTS('',3,3,((#2416,#2417,#2418,#2419,#2420,
#2421),(#2422,#2423,#2424,#2425,#2426,#2427),(#2428,#2429,#2430,#2431,#2432,
#2433),(#2434,#2435,#2436,#2437,#2438,#2439),(#2440,#2441,#2442,#2443,#2444,
#2445)),.UNSPECIFIED.,.F.,.F.,.F.,(4,1,4),(4,1,1,4),(0.,0.5,1.),(-1.5707963267949,
-0.897597901025655,-0.448798950512828,-1.38777878078145E-16),
 .UNSPECIFIED.);
#27=B_SPLINE_CURVE_WITH_KNOTS('',3,(#2132,#2133,#2134,#2135,#2136,#2137,
#2138,#2139),.UNSPECIFIED.,.F.,.F.,(4,2,2,4),(0.28936271757167,0.305499957882684,
0.31779101411,0.326385806721208),.UNSPECIFIED.);
#28=B_SPLINE_CURVE_WITH_KNOTS('',3,(#2140,#2141,#2142,#2143,#2144,#2145,
#2146,#2147,#2148,#2149,#2150,#2151),.UNSPECIFIED.,.F.,.F.,(4,2,2,2,2,4),
(-0.122855288297719,-0.0842011568928228,-0.0449870304967911,-0.0226446762079636,
0.,0.000460071238460075),.UNSPECIFIED.);
#29=B_SPLINE_CURVE_WITH_KNOTS('',3,(#2214,#2215,#2216,#2217,#2218,#2219,
#2220,#2221,#2222,#2223,#2224,#2225),.UNSPECIFIED.,.F.,.F.,(4,2,2,2,2,4),
(-0.123253054811635,-0.122793216023952,-0.100159980964407,-0.0778289150862836,
-0.0386346015155079,0.),.UNSPECIFIED.);
#30=B_SPLINE_CURVE_WITH_KNOTS('',3,(#2226,#2227,#2228,#2229,#2230,#2231,
#2232,#2233),.UNSPECIFIED.,.F.,.F.,(4,2,2,4),(0.714806784706078,0.723401577317287,
0.735692633544603,0.751829873855616),.UNSPECIFIED.);
#31=ELLIPSE('',#1400,6.16666666666667,2.);
#32=ELLIPSE('',#1407,6.16666666666667,2.);
#33=ELLIPSE('',#1419,6.55955621805148,3.);
#34=ELLIPSE('',#1423,3.3734860549979,3.);
#35=ELLIPSE('',#1424,2.5259469834629,2.);
#36=ELLIPSE('',#1428,2.5259469834629,2.);
#37=ELLIPSE('',#1430,3.3734860549979,3.);
#38=ELLIPSE('',#1434,6.55955621805148,3.);
#39=ELLIPSE('',#1457,2.09101788647342,2.);
#40=ELLIPSE('',#1458,2.09101788647341,2.);
#41=ELLIPSE('',#1462,4.37303747870098,2.);
#42=ELLIPSE('',#1471,4.37303747870098,2.);
#43=ELLIPSE('',#1472,2.09101788647341,2.);
#44=ELLIPSE('',#1473,2.09101788647342,2.);
#45=(
BOUNDED_SURFACE()
B_SPLINE_SURFACE(2,2,((#2001,#2002,#2003),(#2004,#2005,#2006),(#2007,#2008,
#2009)),.UNSPECIFIED.,.F.,.F.,.F.)
B_SPLINE_SURFACE_WITH_KNOTS((3,3),(3,3),(-6.08635948657669E-14,1.5707963267949),
(0.,1.5707963267949),.UNSPECIFIED.)
GEOMETRIC_REPRESENTATION_ITEM()
RATIONAL_B_SPLINE_SURFACE(((1.,0.707106781186547,1.),(0.707106781186525,
0.499999999999984,0.707106781186525),(1.,0.707106781186547,1.)))
REPRESENTATION_ITEM('')
SURFACE()
);
#46=(
BOUNDED_SURFACE()
B_SPLINE_SURFACE(2,2,((#2021,#2022,#2023),(#2024,#2025,#2026),(#2027,#2028,
#2029)),.UNSPECIFIED.,.F.,.F.,.F.)
B_SPLINE_SURFACE_WITH_KNOTS((3,3),(3,3),(-1.30889451324229E-15,1.5707963267949),
(1.5707963267949,3.14159265358979),.UNSPECIFIED.)
GEOMETRIC_REPRESENTATION_ITEM()
RATIONAL_B_SPLINE_SURFACE(((1.,0.707106781186548,1.),(0.707106781186552,
0.500000000000004,0.707106781186552),(1.,0.707106781186548,1.)))
REPRESENTATION_ITEM('')
SURFACE()
);
#47=(
BOUNDED_SURFACE()
B_SPLINE_SURFACE(2,2,((#2044,#2045,#2046),(#2047,#2048,#2049),(#2050,#2051,
#2052)),.UNSPECIFIED.,.F.,.F.,.F.)
B_SPLINE_SURFACE_WITH_KNOTS((3,3),(3,3),(0.,1.5707963267949),(-1.5707963267949,
0.),.UNSPECIFIED.)
GEOMETRIC_REPRESENTATION_ITEM()
RATIONAL_B_SPLINE_SURFACE(((1.,0.707106781186548,1.),(0.70710678118655,
0.500000000000002,0.70710678118655),(1.,0.707106781186548,1.)))
REPRESENTATION_ITEM('')
SURFACE()
);
#48=(
BOUNDED_SURFACE()
B_SPLINE_SURFACE(2,2,((#2063,#2064,#2065),(#2066,#2067,#2068),(#2069,#2070,
#2071)),.UNSPECIFIED.,.F.,.F.,.F.)
B_SPLINE_SURFACE_WITH_KNOTS((3,3),(3,3),(0.,1.5707963267949),(0.,1.5707963267949),
 .UNSPECIFIED.)
GEOMETRIC_REPRESENTATION_ITEM()
RATIONAL_B_SPLINE_SURFACE(((1.,0.707106781186548,1.),(0.70710678118655,
0.500000000000002,0.70710678118655),(1.,0.707106781186548,1.)))
REPRESENTATION_ITEM('')
SURFACE()
);
#49=TOROIDAL_SURFACE('',#1369,2.,0.999999999999999);
#50=TOROIDAL_SURFACE('',#1373,2.,0.999999999999996);
#51=TOROIDAL_SURFACE('',#1415,3.,1.);
#52=TOROIDAL_SURFACE('',#1425,3.,1.);
#53=TOROIDAL_SURFACE('',#1438,3.,1.);
#54=TOROIDAL_SURFACE('',#1443,3.,1.);
#55=FACE_BOUND('',#189,.T.);
#56=FACE_BOUND('',#190,.T.);
#57=FACE_BOUND('',#191,.T.);
#58=FACE_BOUND('',#210,.T.);
#59=FACE_BOUND('',#211,.T.);
#60=FACE_BOUND('',#212,.T.);
#61=FACE_BOUND('',#213,.T.);
#62=FACE_BOUND('',#214,.T.);
#63=FACE_BOUND('',#219,.T.);
#64=FACE_BOUND('',#220,.T.);
#65=FACE_BOUND('',#237,.T.);
#66=FACE_BOUND('',#238,.T.);
#67=FACE_BOUND('',#248,.T.);
#68=FACE_BOUND('',#249,.T.);
#69=FACE_BOUND('',#250,.T.);
#70=FACE_BOUND('',#251,.T.);
#71=FACE_BOUND('',#252,.T.);
#72=FACE_BOUND('',#253,.T.);
#73=FACE_BOUND('',#254,.T.);
#74=FACE_BOUND('',#255,.T.);
#75=FACE_BOUND('',#256,.T.);
#76=FACE_BOUND('',#257,.T.);
#77=FACE_BOUND('',#267,.T.);
#78=FACE_BOUND('',#268,.T.);
#79=PLANE('',#1353);
#80=PLANE('',#1355);
#81=PLANE('',#1356);
#82=PLANE('',#1357);
#83=PLANE('',#1359);
#84=PLANE('',#1361);
#85=PLANE('',#1401);
#86=PLANE('',#1409);
#87=PLANE('',#1410);
#88=PLANE('',#1411);
#89=PLANE('',#1449);
#90=PLANE('',#1451);
#91=PLANE('',#1452);
#92=PLANE('',#1463);
#93=PLANE('',#1469);
#94=PLANE('',#1470);
#95=PLANE('',#1476);
#96=PLANE('',#1477);
#97=PLANE('',#1478);
#98=PLANE('',#1479);
#99=PLANE('',#1480);
#100=PLANE('',#1481);
#101=PLANE('',#1482);
#102=PLANE('',#1483);
#103=FACE_OUTER_BOUND('',#178,.T.);
#104=FACE_OUTER_BOUND('',#179,.T.);
#105=FACE_OUTER_BOUND('',#180,.T.);
#106=FACE_OUTER_BOUND('',#181,.T.);
#107=FACE_OUTER_BOUND('',#182,.T.);
#108=FACE_OUTER_BOUND('',#183,.T.);
#109=FACE_OUTER_BOUND('',#184,.T.);
#110=FACE_OUTER_BOUND('',#185,.T.);
#111=FACE_OUTER_BOUND('',#186,.T.);
#112=FACE_OUTER_BOUND('',#187,.T.);
#113=FACE_OUTER_BOUND('',#188,.T.);
#114=FACE_OUTER_BOUND('',#192,.T.);
#115=FACE_OUTER_BOUND('',#193,.T.);
#116=FACE_OUTER_BOUND('',#194,.T.);
#117=FACE_OUTER_BOUND('',#195,.T.);
#118=FACE_OUTER_BOUND('',#196,.T.);
#119=FACE_OUTER_BOUND('',#197,.T.);
#120=FACE_OUTER_BOUND('',#198,.T.);
#121=FACE_OUTER_BOUND('',#199,.T.);
#122=FACE_OUTER_BOUND('',#200,.T.);
#123=FACE_OUTER_BOUND('',#201,.T.);
#124=FACE_OUTER_BOUND('',#202,.T.);
#125=FACE_OUTER_BOUND('',#203,.T.);
#126=FACE_OUTER_BOUND('',#204,.T.);
#127=FACE_OUTER_BOUND('',#205,.T.);
#128=FACE_OUTER_BOUND('',#206,.T.);
#129=FACE_OUTER_BOUND('',#207,.T.);
#130=FACE_OUTER_BOUND('',#208,.T.);
#131=FACE_OUTER_BOUND('',#209,.T.);
#132=FACE_OUTER_BOUND('',#215,.T.);
#133=FACE_OUTER_BOUND('',#216,.T.);
#134=FACE_OUTER_BOUND('',#217,.T.);
#135=FACE_OUTER_BOUND('',#218,.T.);
#136=FACE_OUTER_BOUND('',#221,.T.);
#137=FACE_OUTER_BOUND('',#222,.T.);
#138=FACE_OUTER_BOUND('',#223,.T.);
#139=FACE_OUTER_BOUND('',#224,.T.);
#140=FACE_OUTER_BOUND('',#225,.T.);
#141=FACE_OUTER_BOUND('',#226,.T.);
#142=FACE_OUTER_BOUND('',#227,.T.);
#143=FACE_OUTER_BOUND('',#228,.T.);
#144=FACE_OUTER_BOUND('',#229,.T.);
#145=FACE_OUTER_BOUND('',#230,.T.);
#146=FACE_OUTER_BOUND('',#231,.T.);
#147=FACE_OUTER_BOUND('',#232,.T.);
#148=FACE_OUTER_BOUND('',#233,.T.);
#149=FACE_OUTER_BOUND('',#234,.T.);
#150=FACE_OUTER_BOUND('',#235,.T.);
#151=FACE_OUTER_BOUND('',#236,.T.);
#152=FACE_OUTER_BOUND('',#239,.T.);
#153=FACE_OUTER_BOUND('',#240,.T.);
#154=FACE_OUTER_BOUND('',#241,.T.);
#155=FACE_OUTER_BOUND('',#242,.T.);
#156=FACE_OUTER_BOUND('',#243,.T.);
#157=FACE_OUTER_BOUND('',#244,.T.);
#158=FACE_OUTER_BOUND('',#245,.T.);
#159=FACE_OUTER_BOUND('',#246,.T.);
#160=FACE_OUTER_BOUND('',#247,.T.);
#161=FACE_OUTER_BOUND('',#258,.T.);
#162=FACE_OUTER_BOUND('',#259,.T.);
#163=FACE_OUTER_BOUND('',#260,.T.);
#164=FACE_OUTER_BOUND('',#261,.T.);
#165=FACE_OUTER_BOUND('',#262,.T.);
#166=FACE_OUTER_BOUND('',#263,.T.);
#167=FACE_OUTER_BOUND('',#264,.T.);
#168=FACE_OUTER_BOUND('',#265,.T.);
#169=FACE_OUTER_BOUND('',#266,.T.);
#170=FACE_OUTER_BOUND('',#269,.T.);
#171=FACE_OUTER_BOUND('',#270,.T.);
#172=FACE_OUTER_BOUND('',#271,.T.);
#173=FACE_OUTER_BOUND('',#272,.T.);
#174=FACE_OUTER_BOUND('',#273,.T.);
#175=FACE_OUTER_BOUND('',#274,.T.);
#176=FACE_OUTER_BOUND('',#275,.T.);
#177=FACE_OUTER_BOUND('',#276,.T.);
#178=EDGE_LOOP('',(#834,#835,#836,#837));
#179=EDGE_LOOP('',(#838,#839,#840,#841));
#180=EDGE_LOOP('',(#842,#843,#844,#845));
#181=EDGE_LOOP('',(#846,#847,#848,#849));
#182=EDGE_LOOP('',(#850,#851,#852,#853));
#183=EDGE_LOOP('',(#854,#855,#856,#857));
#184=EDGE_LOOP('',(#858,#859,#860,#861,#862,#863));
#185=EDGE_LOOP('',(#864,#865,#866,#867));
#186=EDGE_LOOP('',(#868,#869,#870,#871));
#187=EDGE_LOOP('',(#872,#873,#874,#875,#876,#877));
#188=EDGE_LOOP('',(#878,#879,#880,#881));
#189=EDGE_LOOP('',(#882));
#190=EDGE_LOOP('',(#883));
#191=EDGE_LOOP('',(#884));
#192=EDGE_LOOP('',(#885,#886,#887,#888,#889));
#193=EDGE_LOOP('',(#890,#891,#892,#893));
#194=EDGE_LOOP('',(#894,#895,#896,#897));
#195=EDGE_LOOP('',(#898,#899,#900,#901));
#196=EDGE_LOOP('',(#902,#903,#904,#905));
#197=EDGE_LOOP('',(#906,#907,#908,#909));
#198=EDGE_LOOP('',(#910,#911,#912,#913));
#199=EDGE_LOOP('',(#914,#915,#916,#917));
#200=EDGE_LOOP('',(#918,#919,#920,#921));
#201=EDGE_LOOP('',(#922,#923,#924,#925));
#202=EDGE_LOOP('',(#926,#927,#928,#929));
#203=EDGE_LOOP('',(#930,#931,#932,#933));
#204=EDGE_LOOP('',(#934,#935,#936,#937));
#205=EDGE_LOOP('',(#938,#939,#940,#941,#942,#943));
#206=EDGE_LOOP('',(#944,#945,#946,#947));
#207=EDGE_LOOP('',(#948,#949,#950,#951));
#208=EDGE_LOOP('',(#952,#953,#954,#955,#956));
#209=EDGE_LOOP('',(#957,#958,#959,#960));
#210=EDGE_LOOP('',(#961));
#211=EDGE_LOOP('',(#962));
#212=EDGE_LOOP('',(#963));
#213=EDGE_LOOP('',(#964));
#214=EDGE_LOOP('',(#965,#966,#967,#968));
#215=EDGE_LOOP('',(#969,#970,#971,#972,#973));
#216=EDGE_LOOP('',(#974,#975,#976,#977,#978,#979));
#217=EDGE_LOOP('',(#980,#981,#982,#983,#984,#985,#986,#987,#988,#989));
#218=EDGE_LOOP('',(#990,#991,#992,#993,#994));
#219=EDGE_LOOP('',(#995));
#220=EDGE_LOOP('',(#996));
#221=EDGE_LOOP('',(#997,#998,#999,#1000));
#222=EDGE_LOOP('',(#1001,#1002,#1003,#1004,#1005));
#223=EDGE_LOOP('',(#1006,#1007,#1008,#1009));
#224=EDGE_LOOP('',(#1010,#1011,#1012,#1013));
#225=EDGE_LOOP('',(#1014,#1015,#1016,#1017));
#226=EDGE_LOOP('',(#1018,#1019,#1020,#1021,#1022));
#227=EDGE_LOOP('',(#1023,#1024,#1025,#1026));
#228=EDGE_LOOP('',(#1027,#1028,#1029,#1030));
#229=EDGE_LOOP('',(#1031,#1032,#1033,#1034));
#230=EDGE_LOOP('',(#1035,#1036,#1037));
#231=EDGE_LOOP('',(#1038,#1039,#1040,#1041));
#232=EDGE_LOOP('',(#1042,#1043,#1044,#1045));
#233=EDGE_LOOP('',(#1046,#1047,#1048,#1049));
#234=EDGE_LOOP('',(#1050,#1051,#1052));
#235=EDGE_LOOP('',(#1053,#1054,#1055,#1056,#1057));
#236=EDGE_LOOP('',(#1058,#1059,#1060,#1061));
#237=EDGE_LOOP('',(#1062));
#238=EDGE_LOOP('',(#1063));
#239=EDGE_LOOP('',(#1064,#1065,#1066,#1067,#1068));
#240=EDGE_LOOP('',(#1069,#1070,#1071,#1072,#1073,#1074,#1075));
#241=EDGE_LOOP('',(#1076,#1077,#1078,#1079,#1080,#1081,#1082,#1083));
#242=EDGE_LOOP('',(#1084,#1085,#1086,#1087));
#243=EDGE_LOOP('',(#1088,#1089,#1090,#1091));
#244=EDGE_LOOP('',(#1092,#1093,#1094));
#245=EDGE_LOOP('',(#1095,#1096,#1097,#1098));
#246=EDGE_LOOP('',(#1099,#1100,#1101,#1102));
#247=EDGE_LOOP('',(#1103,#1104,#1105,#1106,#1107,#1108));
#248=EDGE_LOOP('',(#1109));
#249=EDGE_LOOP('',(#1110));
#250=EDGE_LOOP('',(#1111));
#251=EDGE_LOOP('',(#1112));
#252=EDGE_LOOP('',(#1113));
#253=EDGE_LOOP('',(#1114));
#254=EDGE_LOOP('',(#1115));
#255=EDGE_LOOP('',(#1116));
#256=EDGE_LOOP('',(#1117));
#257=EDGE_LOOP('',(#1118,#1119,#1120,#1121));
#258=EDGE_LOOP('',(#1122,#1123,#1124,#1125,#1126));
#259=EDGE_LOOP('',(#1127,#1128,#1129,#1130,#1131,#1132,#1133,#1134,#1135,
#1136));
#260=EDGE_LOOP('',(#1137,#1138,#1139));
#261=EDGE_LOOP('',(#1140,#1141,#1142,#1143));
#262=EDGE_LOOP('',(#1144,#1145,#1146,#1147));
#263=EDGE_LOOP('',(#1148,#1149,#1150,#1151,#1152));
#264=EDGE_LOOP('',(#1153,#1154,#1155,#1156,#1157,#1158));
#265=EDGE_LOOP('',(#1159,#1160,#1161,#1162,#1163,#1164,#1165));
#266=EDGE_LOOP('',(#1166,#1167,#1168,#1169));
#267=EDGE_LOOP('',(#1170));
#268=EDGE_LOOP('',(#1171));
#269=EDGE_LOOP('',(#1172,#1173,#1174,#1175));
#270=EDGE_LOOP('',(#1176,#1177,#1178,#1179));
#271=EDGE_LOOP('',(#1180,#1181,#1182,#1183));
#272=EDGE_LOOP('',(#1184,#1185,#1186,#1187));
#273=EDGE_LOOP('',(#1188,#1189,#1190,#1191));
#274=EDGE_LOOP('',(#1192,#1193,#1194,#1195));
#275=EDGE_LOOP('',(#1196,#1197,#1198,#1199));
#276=EDGE_LOOP('',(#1200,#1201,#1202,#1203));
#277=LINE('',#1894,#370);
#278=LINE('',#1900,#371);
#279=LINE('',#1906,#372);
#280=LINE('',#1912,#373);
#281=LINE('',#1918,#374);
#282=LINE('',#1924,#375);
#283=LINE('',#1929,#376);
#284=LINE('',#1931,#377);
#285=LINE('',#1933,#378);
#286=LINE('',#1935,#379);
#287=LINE('',#1937,#380);
#288=LINE('',#1941,#381);
#289=LINE('',#1943,#382);
#290=LINE('',#1944,#383);
#291=LINE('',#1947,#384);
#292=LINE('',#1948,#385);
#293=LINE('',#1952,#386);
#294=LINE('',#1955,#387);
#295=LINE('',#1956,#388);
#296=LINE('',#1958,#389);
#297=LINE('',#1963,#390);
#298=LINE('',#1965,#391);
#299=LINE('',#1968,#392);
#300=LINE('',#1971,#393);
#301=LINE('',#1975,#394);
#302=LINE('',#1978,#395);
#303=LINE('',#1982,#396);
#304=LINE('',#1999,#397);
#305=LINE('',#2000,#398);
#306=LINE('',#2019,#399);
#307=LINE('',#2020,#400);
#308=LINE('',#2036,#401);
#309=LINE('',#2037,#402);
#310=LINE('',#2042,#403);
#311=LINE('',#2043,#404);
#312=LINE('',#2061,#405);
#313=LINE('',#2062,#406);
#314=LINE('',#2076,#407);
#315=LINE('',#2079,#408);
#316=LINE('',#2084,#409);
#317=LINE('',#2087,#410);
#318=LINE('',#2088,#411);
#319=LINE('',#2099,#412);
#320=LINE('',#2101,#413);
#321=LINE('',#2103,#414);
#322=LINE('',#2104,#415);
#323=LINE('',#2107,#416);
#324=LINE('',#2113,#417);
#325=LINE('',#2114,#418);
#326=LINE('',#2122,#419);
#327=LINE('',#2125,#420);
#328=LINE('',#2185,#421);
#329=LINE('',#2262,#422);
#330=LINE('',#2263,#423);
#331=LINE('',#2303,#424);
#332=LINE('',#2311,#425);
#333=LINE('',#2312,#426);
#334=LINE('',#2314,#427);
#335=LINE('',#2318,#428);
#336=LINE('',#2320,#429);
#337=LINE('',#2321,#430);
#338=LINE('',#2324,#431);
#339=LINE('',#2326,#432);
#340=LINE('',#2328,#433);
#341=LINE('',#2330,#434);
#342=LINE('',#2331,#435);
#343=LINE('',#2334,#436);
#344=LINE('',#2373,#437);
#345=LINE('',#2377,#438);
#346=LINE('',#2380,#439);
#347=LINE('',#2383,#440);
#348=LINE('',#2385,#441);
#349=LINE('',#2387,#442);
#350=LINE('',#2399,#443);
#351=LINE('',#2401,#444);
#352=LINE('',#2403,#445);
#353=LINE('',#2404,#446);
#354=LINE('',#2407,#447);
#355=LINE('',#2408,#448);
#356=LINE('',#2413,#449);
#357=LINE('',#2414,#450);
#358=LINE('',#2415,#451);
#359=LINE('',#2450,#452);
#360=LINE('',#2452,#453);
#361=LINE('',#2454,#454);
#362=LINE('',#2459,#455);
#363=LINE('',#2460,#456);
#364=LINE('',#2462,#457);
#365=LINE('',#2464,#458);
#366=LINE('',#2467,#459);
#367=LINE('',#2469,#460);
#368=LINE('',#2471,#461);
#369=LINE('',#2473,#462);
#370=VECTOR('',#1494,2.5);
#371=VECTOR('',#1501,2.5);
#372=VECTOR('',#1508,2.55);
#373=VECTOR('',#1515,2.55);
#374=VECTOR('',#1522,2.);
#375=VECTOR('',#1529,2.);
#376=VECTOR('',#1534,10.);
#377=VECTOR('',#1535,10.);
#378=VECTOR('',#1536,10.);
#379=VECTOR('',#1537,10.);
#380=VECTOR('',#1538,10.);
#381=VECTOR('',#1543,10.);
#382=VECTOR('',#1544,10.);
#383=VECTOR('',#1545,10.);
#384=VECTOR('',#1548,10.);
#385=VECTOR('',#1549,10.);
#386=VECTOR('',#1552,10.);
#387=VECTOR('',#1555,10.);
#388=VECTOR('',#1556,10.);
#389=VECTOR('',#1559,10.);
#390=VECTOR('',#1564,10.);
#391=VECTOR('',#1565,10.);
#392=VECTOR('',#1568,10.);
#393=VECTOR('',#1571,10.);
#394=VECTOR('',#1576,10.);
#395=VECTOR('',#1579,10.);
#396=VECTOR('',#1584,3.6);
#397=VECTOR('',#1605,10.);
#398=VECTOR('',#1606,10.);
#399=VECTOR('',#1617,10.);
#400=VECTOR('',#1618,10.);
#401=VECTOR('',#1627,10.);
#402=VECTOR('',#1628,10.);
#403=VECTOR('',#1633,10.);
#404=VECTOR('',#1634,10.);
#405=VECTOR('',#1645,10.);
#406=VECTOR('',#1646,10.);
#407=VECTOR('',#1653,10.);
#408=VECTOR('',#1656,10.);
#409=VECTOR('',#1661,10.);
#410=VECTOR('',#1664,10.);
#411=VECTOR('',#1665,10.);
#412=VECTOR('',#1674,10.);
#413=VECTOR('',#1675,10.);
#414=VECTOR('',#1676,10.);
#415=VECTOR('',#1677,10.);
#416=VECTOR('',#1680,10.);
#417=VECTOR('',#1687,10.);
#418=VECTOR('',#1688,10.);
#419=VECTOR('',#1697,10.);
#420=VECTOR('',#1700,10.);
#421=VECTOR('',#1717,10.);
#422=VECTOR('',#1738,10.);
#423=VECTOR('',#1739,10.);
#424=VECTOR('',#1760,10.);
#425=VECTOR('',#1773,10.);
#426=VECTOR('',#1774,10.);
#427=VECTOR('',#1777,10.);
#428=VECTOR('',#1782,10.);
#429=VECTOR('',#1783,10.);
#430=VECTOR('',#1784,10.);
#431=VECTOR('',#1787,10.);
#432=VECTOR('',#1788,10.);
#433=VECTOR('',#1789,10.);
#434=VECTOR('',#1790,10.);
#435=VECTOR('',#1791,10.);
#436=VECTOR('',#1794,10.);
#437=VECTOR('',#1807,10.);
#438=VECTOR('',#1812,10.);
#439=VECTOR('',#1815,10.);
#440=VECTOR('',#1818,10.);
#441=VECTOR('',#1819,10.);
#442=VECTOR('',#1820,10.);
#443=VECTOR('',#1831,10.);
#444=VECTOR('',#1832,10.);
#445=VECTOR('',#1833,10.);
#446=VECTOR('',#1834,10.);
#447=VECTOR('',#1837,10.);
#448=VECTOR('',#1838,10.);
#449=VECTOR('',#1843,10.);
#450=VECTOR('',#1844,10.);
#451=VECTOR('',#1845,10.);
#452=VECTOR('',#1852,10.);
#453=VECTOR('',#1855,10.);
#454=VECTOR('',#1858,10.);
#455=VECTOR('',#1867,10.);
#456=VECTOR('',#1868,10.);
#457=VECTOR('',#1871,10.);
#458=VECTOR('',#1874,10.);
#459=VECTOR('',#1879,1.75);
#460=VECTOR('',#1882,1.75);
#461=VECTOR('',#1885,1.75);
#462=VECTOR('',#1888,1.75);
#463=CIRCLE('',#1336,2.5);
#464=CIRCLE('',#1337,2.5);
#465=CIRCLE('',#1339,2.5);
#466=CIRCLE('',#1340,2.5);
#467=CIRCLE('',#1342,2.55);
#468=CIRCLE('',#1343,2.55);
#469=CIRCLE('',#1345,2.55);
#470=CIRCLE('',#1346,2.55);
#471=CIRCLE('',#1348,2.);
#472=CIRCLE('',#1349,2.);
#473=CIRCLE('',#1351,2.);
#474=CIRCLE('',#1352,2.);
#475=CIRCLE('',#1354,1.);
#476=CIRCLE('',#1358,1.);
#477=CIRCLE('',#1360,3.6);
#478=CIRCLE('',#1362,1.);
#479=CIRCLE('',#1364,1.00000000000001);
#480=CIRCLE('',#1366,1.);
#481=CIRCLE('',#1368,3.6);
#482=CIRCLE('',#1370,0.999999999999996);
#483=CIRCLE('',#1371,2.00000000000001);
#484=CIRCLE('',#1372,0.999999999999999);
#485=CIRCLE('',#1374,2.);
#486=CIRCLE('',#1375,1.);
#487=CIRCLE('',#1376,0.999999999999996);
#488=CIRCLE('',#1378,1.);
#489=CIRCLE('',#1379,0.999999999999939);
#490=CIRCLE('',#1380,2.);
#491=CIRCLE('',#1381,1.);
#492=CIRCLE('',#1383,0.999999999999996);
#493=CIRCLE('',#1384,1.);
#494=CIRCLE('',#1385,2.);
#495=CIRCLE('',#1386,1.);
#496=CIRCLE('',#1389,0.999999999999999);
#497=CIRCLE('',#1390,0.999999999999999);
#498=CIRCLE('',#1391,2.);
#499=CIRCLE('',#1392,1.);
#500=CIRCLE('',#1394,1.);
#501=CIRCLE('',#1395,0.999999999999999);
#502=CIRCLE('',#1396,2.);
#503=CIRCLE('',#1399,2.);
#504=CIRCLE('',#1402,1.75);
#505=CIRCLE('',#1403,1.75);
#506=CIRCLE('',#1404,1.75);
#507=CIRCLE('',#1405,1.75);
#508=CIRCLE('',#1408,2.);
#509=CIRCLE('',#1413,1.00000000000001);
#510=CIRCLE('',#1414,0.999999999999996);
#511=CIRCLE('',#1416,2.);
#512=CIRCLE('',#1417,3.);
#513=CIRCLE('',#1418,0.999999999999996);
#514=CIRCLE('',#1420,1.);
#515=CIRCLE('',#1422,0.999999999999996);
#516=CIRCLE('',#1426,3.);
#517=CIRCLE('',#1427,2.);
#518=CIRCLE('',#1429,0.999999999999996);
#519=CIRCLE('',#1432,0.999999999999996);
#520=CIRCLE('',#1433,1.);
#521=CIRCLE('',#1436,0.999999999999998);
#522=CIRCLE('',#1437,0.999999999999999);
#523=CIRCLE('',#1439,0.999999999999999);
#524=CIRCLE('',#1440,3.);
#525=CIRCLE('',#1442,1.);
#526=CIRCLE('',#1444,1.);
#527=CIRCLE('',#1445,3.);
#528=CIRCLE('',#1447,0.999999999999999);
#529=CIRCLE('',#1454,0.999999999999999);
#530=CIRCLE('',#1456,1.00000000000001);
#531=CIRCLE('',#1460,2.);
#532=CIRCLE('',#1464,2.);
#533=CIRCLE('',#1465,1.75);
#534=CIRCLE('',#1466,1.75);
#535=CIRCLE('',#1467,1.75);
#536=CIRCLE('',#1468,1.75);
#537=VERTEX_POINT('',#1891);
#538=VERTEX_POINT('',#1893);
#539=VERTEX_POINT('',#1897);
#540=VERTEX_POINT('',#1899);
#541=VERTEX_POINT('',#1903);
#542=VERTEX_POINT('',#1905);
#543=VERTEX_POINT('',#1909);
#544=VERTEX_POINT('',#1911);
#545=VERTEX_POINT('',#1915);
#546=VERTEX_POINT('',#1917);
#547=VERTEX_POINT('',#1921);
#548=VERTEX_POINT('',#1923);
#549=VERTEX_POINT('',#1927);
#550=VERTEX_POINT('',#1928);
#551=VERTEX_POINT('',#1930);
#552=VERTEX_POINT('',#1932);
#553=VERTEX_POINT('',#1934);
#554=VERTEX_POINT('',#1936);
#555=VERTEX_POINT('',#1940);
#556=VERTEX_POINT('',#1942);
#557=VERTEX_POINT('',#1946);
#558=VERTEX_POINT('',#1950);
#559=VERTEX_POINT('',#1951);
#560=VERTEX_POINT('',#1953);
#561=VERTEX_POINT('',#1959);
#562=VERTEX_POINT('',#1962);
#563=VERTEX_POINT('',#1964);
#564=VERTEX_POINT('',#1966);
#565=VERTEX_POINT('',#1970);
#566=VERTEX_POINT('',#1974);
#567=VERTEX_POINT('',#1976);
#568=VERTEX_POINT('',#1980);
#569=VERTEX_POINT('',#1984);
#570=VERTEX_POINT('',#1986);
#571=VERTEX_POINT('',#1990);
#572=VERTEX_POINT('',#1991);
#573=VERTEX_POINT('',#1996);
#574=VERTEX_POINT('',#1997);
#575=VERTEX_POINT('',#2010);
#576=VERTEX_POINT('',#2011);
#577=VERTEX_POINT('',#2016);
#578=VERTEX_POINT('',#2017);
#579=VERTEX_POINT('',#2030);
#580=VERTEX_POINT('',#2031);
#581=VERTEX_POINT('',#2039);
#582=VERTEX_POINT('',#2040);
#583=VERTEX_POINT('',#2053);
#584=VERTEX_POINT('',#2054);
#585=VERTEX_POINT('',#2059);
#586=VERTEX_POINT('',#2072);
#587=VERTEX_POINT('',#2078);
#588=VERTEX_POINT('',#2080);
#589=VERTEX_POINT('',#2082);
#590=VERTEX_POINT('',#2086);
#591=VERTEX_POINT('',#2089);
#592=VERTEX_POINT('',#2091);
#593=VERTEX_POINT('',#2093);
#594=VERTEX_POINT('',#2095);
#595=VERTEX_POINT('',#2097);
#596=VERTEX_POINT('',#2098);
#597=VERTEX_POINT('',#2100);
#598=VERTEX_POINT('',#2102);
#599=VERTEX_POINT('',#2106);
#600=VERTEX_POINT('',#2108);
#601=VERTEX_POINT('',#2112);
#602=VERTEX_POINT('',#2118);
#603=VERTEX_POINT('',#2119);
#604=VERTEX_POINT('',#2121);
#605=VERTEX_POINT('',#2123);
#606=VERTEX_POINT('',#2127);
#607=VERTEX_POINT('',#2129);
#608=VERTEX_POINT('',#2131);
#609=VERTEX_POINT('',#2177);
#610=VERTEX_POINT('',#2179);
#611=VERTEX_POINT('',#2183);
#612=VERTEX_POINT('',#2209);
#613=VERTEX_POINT('',#2211);
#614=VERTEX_POINT('',#2213);
#615=VERTEX_POINT('',#2254);
#616=VERTEX_POINT('',#2256);
#617=VERTEX_POINT('',#2260);
#618=VERTEX_POINT('',#2289);
#619=VERTEX_POINT('',#2293);
#620=VERTEX_POINT('',#2297);
#621=VERTEX_POINT('',#2301);
#622=VERTEX_POINT('',#2305);
#623=VERTEX_POINT('',#2317);
#624=VERTEX_POINT('',#2319);
#625=VERTEX_POINT('',#2323);
#626=VERTEX_POINT('',#2325);
#627=VERTEX_POINT('',#2327);
#628=VERTEX_POINT('',#2329);
#629=VERTEX_POINT('',#2333);
#630=VERTEX_POINT('',#2368);
#631=VERTEX_POINT('',#2372);
#632=VERTEX_POINT('',#2376);
#633=VERTEX_POINT('',#2378);
#634=VERTEX_POINT('',#2382);
#635=VERTEX_POINT('',#2384);
#636=VERTEX_POINT('',#2386);
#637=VERTEX_POINT('',#2389);
#638=VERTEX_POINT('',#2391);
#639=VERTEX_POINT('',#2393);
#640=VERTEX_POINT('',#2395);
#641=VERTEX_POINT('',#2397);
#642=VERTEX_POINT('',#2398);
#643=VERTEX_POINT('',#2400);
#644=VERTEX_POINT('',#2402);
#645=VERTEX_POINT('',#2406);
#646=VERTEX_POINT('',#2410);
#647=VERTEX_POINT('',#2412);
#648=VERTEX_POINT('',#2446);
#649=EDGE_CURVE('',#537,#537,#463,.T.);
#650=EDGE_CURVE('',#537,#538,#277,.T.);
#651=EDGE_CURVE('',#538,#538,#464,.T.);
#652=EDGE_CURVE('',#539,#539,#465,.T.);
#653=EDGE_CURVE('',#539,#540,#278,.T.);
#654=EDGE_CURVE('',#540,#540,#466,.T.);
#655=EDGE_CURVE('',#541,#541,#467,.T.);
#656=EDGE_CURVE('',#541,#542,#279,.T.);
#657=EDGE_CURVE('',#542,#542,#468,.T.);
#658=EDGE_CURVE('',#543,#543,#469,.T.);
#659=EDGE_CURVE('',#543,#544,#280,.T.);
#660=EDGE_CURVE('',#544,#544,#470,.T.);
#661=EDGE_CURVE('',#545,#545,#471,.T.);
#662=EDGE_CURVE('',#545,#546,#281,.T.);
#663=EDGE_CURVE('',#546,#546,#472,.T.);
#664=EDGE_CURVE('',#547,#547,#473,.T.);
#665=EDGE_CURVE('',#547,#548,#282,.T.);
#666=EDGE_CURVE('',#548,#548,#474,.T.);
#667=EDGE_CURVE('',#549,#550,#283,.T.);
#668=EDGE_CURVE('',#549,#551,#284,.T.);
#669=EDGE_CURVE('',#552,#551,#285,.T.);
#670=EDGE_CURVE('',#552,#553,#286,.T.);
#671=EDGE_CURVE('',#554,#553,#287,.T.);
#672=EDGE_CURVE('',#550,#554,#475,.T.);
#673=EDGE_CURVE('',#553,#555,#288,.T.);
#674=EDGE_CURVE('',#556,#552,#289,.T.);
#675=EDGE_CURVE('',#555,#556,#290,.T.);
#676=EDGE_CURVE('',#551,#557,#291,.T.);
#677=EDGE_CURVE('',#556,#557,#292,.T.);
#678=EDGE_CURVE('',#558,#559,#293,.T.);
#679=EDGE_CURVE('',#560,#558,#476,.T.);
#680=EDGE_CURVE('',#555,#560,#294,.T.);
#681=EDGE_CURVE('',#557,#559,#295,.T.);
#682=EDGE_CURVE('',#559,#549,#296,.T.);
#683=EDGE_CURVE('',#561,#561,#477,.T.);
#684=EDGE_CURVE('',#562,#560,#297,.T.);
#685=EDGE_CURVE('',#563,#562,#298,.T.);
#686=EDGE_CURVE('',#564,#563,#478,.T.);
#687=EDGE_CURVE('',#555,#564,#299,.T.);
#688=EDGE_CURVE('',#558,#565,#300,.T.);
#689=EDGE_CURVE('',#565,#562,#479,.F.);
#690=EDGE_CURVE('',#554,#566,#301,.T.);
#691=EDGE_CURVE('',#566,#567,#480,.F.);
#692=EDGE_CURVE('',#567,#550,#302,.T.);
#693=EDGE_CURVE('',#568,#568,#481,.T.);
#694=EDGE_CURVE('',#568,#561,#303,.T.);
#695=EDGE_CURVE('',#569,#565,#482,.T.);
#696=EDGE_CURVE('',#569,#570,#483,.T.);
#697=EDGE_CURVE('',#562,#570,#484,.T.);
#698=EDGE_CURVE('',#571,#572,#485,.T.);
#699=EDGE_CURVE('',#567,#572,#486,.T.);
#700=EDGE_CURVE('',#571,#566,#487,.T.);
#701=EDGE_CURVE('',#573,#574,#488,.T.);
#702=EDGE_CURVE('',#574,#569,#304,.T.);
#703=EDGE_CURVE('',#565,#573,#305,.T.);
#704=EDGE_CURVE('',#575,#576,#489,.T.);
#705=EDGE_CURVE('',#576,#574,#490,.T.);
#706=EDGE_CURVE('',#573,#575,#491,.T.);
#707=EDGE_CURVE('',#577,#578,#492,.T.);
#708=EDGE_CURVE('',#578,#576,#306,.T.);
#709=EDGE_CURVE('',#575,#577,#307,.T.);
#710=EDGE_CURVE('',#579,#580,#493,.T.);
#711=EDGE_CURVE('',#580,#578,#494,.T.);
#712=EDGE_CURVE('',#577,#579,#495,.T.);
#713=EDGE_CURVE('',#572,#580,#308,.T.);
#714=EDGE_CURVE('',#579,#567,#309,.T.);
#715=EDGE_CURVE('',#581,#582,#496,.T.);
#716=EDGE_CURVE('',#582,#571,#310,.T.);
#717=EDGE_CURVE('',#566,#581,#311,.T.);
#718=EDGE_CURVE('',#583,#584,#497,.T.);
#719=EDGE_CURVE('',#584,#582,#498,.T.);
#720=EDGE_CURVE('',#581,#583,#499,.T.);
#721=EDGE_CURVE('',#564,#585,#500,.T.);
#722=EDGE_CURVE('',#585,#584,#312,.T.);
#723=EDGE_CURVE('',#583,#553,#313,.T.);
#724=EDGE_CURVE('',#563,#586,#501,.T.);
#725=EDGE_CURVE('',#586,#585,#502,.T.);
#726=EDGE_CURVE('',#570,#586,#314,.T.);
#727=EDGE_CURVE('',#576,#587,#315,.T.);
#728=EDGE_CURVE('',#588,#587,#503,.T.);
#729=EDGE_CURVE('',#589,#588,#31,.T.);
#730=EDGE_CURVE('',#589,#574,#316,.T.);
#731=EDGE_CURVE('',#590,#578,#317,.T.);
#732=EDGE_CURVE('',#587,#590,#318,.T.);
#733=EDGE_CURVE('',#591,#591,#504,.T.);
#734=EDGE_CURVE('',#592,#592,#505,.T.);
#735=EDGE_CURVE('',#593,#593,#506,.T.);
#736=EDGE_CURVE('',#594,#594,#507,.T.);
#737=EDGE_CURVE('',#595,#596,#319,.T.);
#738=EDGE_CURVE('',#596,#597,#320,.T.);
#739=EDGE_CURVE('',#597,#598,#321,.T.);
#740=EDGE_CURVE('',#598,#595,#322,.T.);
#741=EDGE_CURVE('',#580,#599,#323,.T.);
#742=EDGE_CURVE('',#600,#599,#32,.T.);
#743=EDGE_CURVE('',#590,#600,#508,.T.);
#744=EDGE_CURVE('',#601,#582,#324,.T.);
#745=EDGE_CURVE('',#599,#601,#325,.T.);
#746=EDGE_CURVE('',#602,#603,#509,.T.);
#747=EDGE_CURVE('',#603,#604,#326,.T.);
#748=EDGE_CURVE('',#604,#605,#510,.T.);
#749=EDGE_CURVE('',#605,#602,#327,.T.);
#750=EDGE_CURVE('',#606,#603,#511,.T.);
#751=EDGE_CURVE('',#602,#607,#512,.T.);
#752=EDGE_CURVE('',#607,#608,#27,.T.);
#753=EDGE_CURVE('',#608,#606,#28,.T.);
#754=EDGE_CURVE('',#599,#609,#513,.T.);
#755=EDGE_CURVE('',#609,#610,#33,.T.);
#756=EDGE_CURVE('',#610,#600,#514,.T.);
#757=EDGE_CURVE('',#601,#611,#515,.T.);
#758=EDGE_CURVE('',#611,#609,#328,.T.);
#759=EDGE_CURVE('',#608,#611,#34,.T.);
#760=EDGE_CURVE('',#601,#606,#35,.T.);
#761=EDGE_CURVE('',#612,#605,#516,.T.);
#762=EDGE_CURVE('',#604,#613,#517,.T.);
#763=EDGE_CURVE('',#613,#614,#29,.T.);
#764=EDGE_CURVE('',#614,#612,#30,.T.);
#765=EDGE_CURVE('',#613,#615,#36,.T.);
#766=EDGE_CURVE('',#615,#616,#518,.T.);
#767=EDGE_CURVE('',#616,#614,#37,.T.);
#768=EDGE_CURVE('',#589,#617,#519,.T.);
#769=EDGE_CURVE('',#617,#616,#329,.T.);
#770=EDGE_CURVE('',#615,#589,#330,.T.);
#771=EDGE_CURVE('',#588,#618,#520,.T.);
#772=EDGE_CURVE('',#618,#617,#38,.T.);
#773=EDGE_CURVE('',#588,#619,#521,.T.);
#774=EDGE_CURVE('',#619,#618,#522,.T.);
#775=EDGE_CURVE('',#587,#620,#523,.T.);
#776=EDGE_CURVE('',#620,#619,#524,.T.);
#777=EDGE_CURVE('',#590,#621,#525,.T.);
#778=EDGE_CURVE('',#621,#620,#331,.T.);
#779=EDGE_CURVE('',#600,#622,#526,.T.);
#780=EDGE_CURVE('',#622,#621,#527,.T.);
#781=EDGE_CURVE('',#610,#622,#528,.T.);
#782=EDGE_CURVE('',#586,#615,#332,.T.);
#783=EDGE_CURVE('',#604,#585,#333,.T.);
#784=EDGE_CURVE('',#584,#603,#334,.T.);
#785=EDGE_CURVE('',#623,#618,#335,.T.);
#786=EDGE_CURVE('',#624,#623,#336,.T.);
#787=EDGE_CURVE('',#612,#624,#337,.T.);
#788=EDGE_CURVE('',#625,#622,#338,.T.);
#789=EDGE_CURVE('',#626,#625,#339,.T.);
#790=EDGE_CURVE('',#627,#626,#340,.T.);
#791=EDGE_CURVE('',#628,#627,#341,.T.);
#792=EDGE_CURVE('',#619,#628,#342,.T.);
#793=EDGE_CURVE('',#610,#629,#343,.T.);
#794=EDGE_CURVE('',#625,#629,#529,.T.);
#795=EDGE_CURVE('',#623,#628,#530,.T.);
#796=EDGE_CURVE('',#629,#630,#39,.T.);
#797=EDGE_CURVE('',#630,#625,#40,.T.);
#798=EDGE_CURVE('',#630,#631,#344,.T.);
#799=EDGE_CURVE('',#631,#626,#531,.T.);
#800=EDGE_CURVE('',#629,#632,#345,.T.);
#801=EDGE_CURVE('',#632,#633,#41,.T.);
#802=EDGE_CURVE('',#633,#630,#346,.T.);
#803=EDGE_CURVE('',#631,#634,#347,.T.);
#804=EDGE_CURVE('',#634,#635,#348,.T.);
#805=EDGE_CURVE('',#635,#636,#349,.T.);
#806=EDGE_CURVE('',#627,#636,#532,.T.);
#807=EDGE_CURVE('',#637,#637,#533,.T.);
#808=EDGE_CURVE('',#638,#638,#534,.T.);
#809=EDGE_CURVE('',#639,#639,#535,.T.);
#810=EDGE_CURVE('',#640,#640,#536,.T.);
#811=EDGE_CURVE('',#641,#642,#350,.T.);
#812=EDGE_CURVE('',#642,#643,#351,.T.);
#813=EDGE_CURVE('',#643,#644,#352,.T.);
#814=EDGE_CURVE('',#644,#641,#353,.T.);
#815=EDGE_CURVE('',#633,#645,#354,.T.);
#816=EDGE_CURVE('',#634,#645,#355,.T.);
#817=EDGE_CURVE('',#646,#624,#42,.T.);
#818=EDGE_CURVE('',#646,#647,#356,.T.);
#819=EDGE_CURVE('',#645,#647,#357,.T.);
#820=EDGE_CURVE('',#632,#607,#358,.T.);
#821=EDGE_CURVE('',#628,#648,#43,.T.);
#822=EDGE_CURVE('',#648,#623,#44,.T.);
#823=EDGE_CURVE('',#636,#648,#359,.T.);
#824=EDGE_CURVE('',#648,#646,#360,.T.);
#825=EDGE_CURVE('',#635,#647,#361,.T.);
#826=EDGE_CURVE('',#644,#597,#362,.T.);
#827=EDGE_CURVE('',#643,#598,#363,.T.);
#828=EDGE_CURVE('',#642,#595,#364,.T.);
#829=EDGE_CURVE('',#641,#596,#365,.T.);
#830=EDGE_CURVE('',#640,#594,#366,.T.);
#831=EDGE_CURVE('',#639,#593,#367,.T.);
#832=EDGE_CURVE('',#638,#592,#368,.T.);
#833=EDGE_CURVE('',#637,#591,#369,.T.);
#834=ORIENTED_EDGE('',*,*,#649,.F.);
#835=ORIENTED_EDGE('',*,*,#650,.T.);
#836=ORIENTED_EDGE('',*,*,#651,.F.);
#837=ORIENTED_EDGE('',*,*,#650,.F.);
#838=ORIENTED_EDGE('',*,*,#652,.F.);
#839=ORIENTED_EDGE('',*,*,#653,.T.);
#840=ORIENTED_EDGE('',*,*,#654,.F.);
#841=ORIENTED_EDGE('',*,*,#653,.F.);
#842=ORIENTED_EDGE('',*,*,#655,.F.);
#843=ORIENTED_EDGE('',*,*,#656,.T.);
#844=ORIENTED_EDGE('',*,*,#657,.F.);
#845=ORIENTED_EDGE('',*,*,#656,.F.);
#846=ORIENTED_EDGE('',*,*,#658,.F.);
#847=ORIENTED_EDGE('',*,*,#659,.T.);
#848=ORIENTED_EDGE('',*,*,#660,.F.);
#849=ORIENTED_EDGE('',*,*,#659,.F.);
#850=ORIENTED_EDGE('',*,*,#661,.F.);
#851=ORIENTED_EDGE('',*,*,#662,.T.);
#852=ORIENTED_EDGE('',*,*,#663,.F.);
#853=ORIENTED_EDGE('',*,*,#662,.F.);
#854=ORIENTED_EDGE('',*,*,#664,.F.);
#855=ORIENTED_EDGE('',*,*,#665,.T.);
#856=ORIENTED_EDGE('',*,*,#666,.F.);
#857=ORIENTED_EDGE('',*,*,#665,.F.);
#858=ORIENTED_EDGE('',*,*,#667,.F.);
#859=ORIENTED_EDGE('',*,*,#668,.T.);
#860=ORIENTED_EDGE('',*,*,#669,.F.);
#861=ORIENTED_EDGE('',*,*,#670,.T.);
#862=ORIENTED_EDGE('',*,*,#671,.F.);
#863=ORIENTED_EDGE('',*,*,#672,.F.);
#864=ORIENTED_EDGE('',*,*,#673,.F.);
#865=ORIENTED_EDGE('',*,*,#670,.F.);
#866=ORIENTED_EDGE('',*,*,#674,.F.);
#867=ORIENTED_EDGE('',*,*,#675,.F.);
#868=ORIENTED_EDGE('',*,*,#674,.T.);
#869=ORIENTED_EDGE('',*,*,#669,.T.);
#870=ORIENTED_EDGE('',*,*,#676,.T.);
#871=ORIENTED_EDGE('',*,*,#677,.F.);
#872=ORIENTED_EDGE('',*,*,#678,.F.);
#873=ORIENTED_EDGE('',*,*,#679,.F.);
#874=ORIENTED_EDGE('',*,*,#680,.F.);
#875=ORIENTED_EDGE('',*,*,#675,.T.);
#876=ORIENTED_EDGE('',*,*,#677,.T.);
#877=ORIENTED_EDGE('',*,*,#681,.T.);
#878=ORIENTED_EDGE('',*,*,#682,.F.);
#879=ORIENTED_EDGE('',*,*,#681,.F.);
#880=ORIENTED_EDGE('',*,*,#676,.F.);
#881=ORIENTED_EDGE('',*,*,#668,.F.);
#882=ORIENTED_EDGE('',*,*,#661,.T.);
#883=ORIENTED_EDGE('',*,*,#664,.T.);
#884=ORIENTED_EDGE('',*,*,#683,.F.);
#885=ORIENTED_EDGE('',*,*,#680,.T.);
#886=ORIENTED_EDGE('',*,*,#684,.F.);
#887=ORIENTED_EDGE('',*,*,#685,.F.);
#888=ORIENTED_EDGE('',*,*,#686,.F.);
#889=ORIENTED_EDGE('',*,*,#687,.F.);
#890=ORIENTED_EDGE('',*,*,#679,.T.);
#891=ORIENTED_EDGE('',*,*,#688,.T.);
#892=ORIENTED_EDGE('',*,*,#689,.T.);
#893=ORIENTED_EDGE('',*,*,#684,.T.);
#894=ORIENTED_EDGE('',*,*,#672,.T.);
#895=ORIENTED_EDGE('',*,*,#690,.T.);
#896=ORIENTED_EDGE('',*,*,#691,.T.);
#897=ORIENTED_EDGE('',*,*,#692,.T.);
#898=ORIENTED_EDGE('',*,*,#693,.F.);
#899=ORIENTED_EDGE('',*,*,#694,.T.);
#900=ORIENTED_EDGE('',*,*,#683,.T.);
#901=ORIENTED_EDGE('',*,*,#694,.F.);
#902=ORIENTED_EDGE('',*,*,#689,.F.);
#903=ORIENTED_EDGE('',*,*,#695,.F.);
#904=ORIENTED_EDGE('',*,*,#696,.T.);
#905=ORIENTED_EDGE('',*,*,#697,.F.);
#906=ORIENTED_EDGE('',*,*,#698,.T.);
#907=ORIENTED_EDGE('',*,*,#699,.F.);
#908=ORIENTED_EDGE('',*,*,#691,.F.);
#909=ORIENTED_EDGE('',*,*,#700,.F.);
#910=ORIENTED_EDGE('',*,*,#701,.T.);
#911=ORIENTED_EDGE('',*,*,#702,.T.);
#912=ORIENTED_EDGE('',*,*,#695,.T.);
#913=ORIENTED_EDGE('',*,*,#703,.T.);
#914=ORIENTED_EDGE('',*,*,#704,.T.);
#915=ORIENTED_EDGE('',*,*,#705,.T.);
#916=ORIENTED_EDGE('',*,*,#701,.F.);
#917=ORIENTED_EDGE('',*,*,#706,.T.);
#918=ORIENTED_EDGE('',*,*,#707,.T.);
#919=ORIENTED_EDGE('',*,*,#708,.T.);
#920=ORIENTED_EDGE('',*,*,#704,.F.);
#921=ORIENTED_EDGE('',*,*,#709,.T.);
#922=ORIENTED_EDGE('',*,*,#710,.T.);
#923=ORIENTED_EDGE('',*,*,#711,.T.);
#924=ORIENTED_EDGE('',*,*,#707,.F.);
#925=ORIENTED_EDGE('',*,*,#712,.T.);
#926=ORIENTED_EDGE('',*,*,#699,.T.);
#927=ORIENTED_EDGE('',*,*,#713,.T.);
#928=ORIENTED_EDGE('',*,*,#710,.F.);
#929=ORIENTED_EDGE('',*,*,#714,.T.);
#930=ORIENTED_EDGE('',*,*,#715,.T.);
#931=ORIENTED_EDGE('',*,*,#716,.T.);
#932=ORIENTED_EDGE('',*,*,#700,.T.);
#933=ORIENTED_EDGE('',*,*,#717,.T.);
#934=ORIENTED_EDGE('',*,*,#718,.T.);
#935=ORIENTED_EDGE('',*,*,#719,.T.);
#936=ORIENTED_EDGE('',*,*,#715,.F.);
#937=ORIENTED_EDGE('',*,*,#720,.T.);
#938=ORIENTED_EDGE('',*,*,#721,.T.);
#939=ORIENTED_EDGE('',*,*,#722,.T.);
#940=ORIENTED_EDGE('',*,*,#718,.F.);
#941=ORIENTED_EDGE('',*,*,#723,.T.);
#942=ORIENTED_EDGE('',*,*,#673,.T.);
#943=ORIENTED_EDGE('',*,*,#687,.T.);
#944=ORIENTED_EDGE('',*,*,#724,.T.);
#945=ORIENTED_EDGE('',*,*,#725,.T.);
#946=ORIENTED_EDGE('',*,*,#721,.F.);
#947=ORIENTED_EDGE('',*,*,#686,.T.);
#948=ORIENTED_EDGE('',*,*,#697,.T.);
#949=ORIENTED_EDGE('',*,*,#726,.T.);
#950=ORIENTED_EDGE('',*,*,#724,.F.);
#951=ORIENTED_EDGE('',*,*,#685,.T.);
#952=ORIENTED_EDGE('',*,*,#705,.F.);
#953=ORIENTED_EDGE('',*,*,#727,.T.);
#954=ORIENTED_EDGE('',*,*,#728,.F.);
#955=ORIENTED_EDGE('',*,*,#729,.F.);
#956=ORIENTED_EDGE('',*,*,#730,.T.);
#957=ORIENTED_EDGE('',*,*,#708,.F.);
#958=ORIENTED_EDGE('',*,*,#731,.F.);
#959=ORIENTED_EDGE('',*,*,#732,.F.);
#960=ORIENTED_EDGE('',*,*,#727,.F.);
#961=ORIENTED_EDGE('',*,*,#733,.T.);
#962=ORIENTED_EDGE('',*,*,#734,.T.);
#963=ORIENTED_EDGE('',*,*,#735,.T.);
#964=ORIENTED_EDGE('',*,*,#736,.T.);
#965=ORIENTED_EDGE('',*,*,#737,.T.);
#966=ORIENTED_EDGE('',*,*,#738,.T.);
#967=ORIENTED_EDGE('',*,*,#739,.T.);
#968=ORIENTED_EDGE('',*,*,#740,.T.);
#969=ORIENTED_EDGE('',*,*,#711,.F.);
#970=ORIENTED_EDGE('',*,*,#741,.T.);
#971=ORIENTED_EDGE('',*,*,#742,.F.);
#972=ORIENTED_EDGE('',*,*,#743,.F.);
#973=ORIENTED_EDGE('',*,*,#731,.T.);
#974=ORIENTED_EDGE('',*,*,#713,.F.);
#975=ORIENTED_EDGE('',*,*,#698,.F.);
#976=ORIENTED_EDGE('',*,*,#716,.F.);
#977=ORIENTED_EDGE('',*,*,#744,.F.);
#978=ORIENTED_EDGE('',*,*,#745,.F.);
#979=ORIENTED_EDGE('',*,*,#741,.F.);
#980=ORIENTED_EDGE('',*,*,#667,.T.);
#981=ORIENTED_EDGE('',*,*,#692,.F.);
#982=ORIENTED_EDGE('',*,*,#714,.F.);
#983=ORIENTED_EDGE('',*,*,#712,.F.);
#984=ORIENTED_EDGE('',*,*,#709,.F.);
#985=ORIENTED_EDGE('',*,*,#706,.F.);
#986=ORIENTED_EDGE('',*,*,#703,.F.);
#987=ORIENTED_EDGE('',*,*,#688,.F.);
#988=ORIENTED_EDGE('',*,*,#678,.T.);
#989=ORIENTED_EDGE('',*,*,#682,.T.);
#990=ORIENTED_EDGE('',*,*,#671,.T.);
#991=ORIENTED_EDGE('',*,*,#723,.F.);
#992=ORIENTED_EDGE('',*,*,#720,.F.);
#993=ORIENTED_EDGE('',*,*,#717,.F.);
#994=ORIENTED_EDGE('',*,*,#690,.F.);
#995=ORIENTED_EDGE('',*,*,#657,.T.);
#996=ORIENTED_EDGE('',*,*,#660,.T.);
#997=ORIENTED_EDGE('',*,*,#746,.T.);
#998=ORIENTED_EDGE('',*,*,#747,.T.);
#999=ORIENTED_EDGE('',*,*,#748,.T.);
#1000=ORIENTED_EDGE('',*,*,#749,.T.);
#1001=ORIENTED_EDGE('',*,*,#750,.T.);
#1002=ORIENTED_EDGE('',*,*,#746,.F.);
#1003=ORIENTED_EDGE('',*,*,#751,.T.);
#1004=ORIENTED_EDGE('',*,*,#752,.T.);
#1005=ORIENTED_EDGE('',*,*,#753,.T.);
#1006=ORIENTED_EDGE('',*,*,#754,.T.);
#1007=ORIENTED_EDGE('',*,*,#755,.T.);
#1008=ORIENTED_EDGE('',*,*,#756,.T.);
#1009=ORIENTED_EDGE('',*,*,#742,.T.);
#1010=ORIENTED_EDGE('',*,*,#757,.T.);
#1011=ORIENTED_EDGE('',*,*,#758,.T.);
#1012=ORIENTED_EDGE('',*,*,#754,.F.);
#1013=ORIENTED_EDGE('',*,*,#745,.T.);
#1014=ORIENTED_EDGE('',*,*,#759,.T.);
#1015=ORIENTED_EDGE('',*,*,#757,.F.);
#1016=ORIENTED_EDGE('',*,*,#760,.T.);
#1017=ORIENTED_EDGE('',*,*,#753,.F.);
#1018=ORIENTED_EDGE('',*,*,#761,.T.);
#1019=ORIENTED_EDGE('',*,*,#748,.F.);
#1020=ORIENTED_EDGE('',*,*,#762,.T.);
#1021=ORIENTED_EDGE('',*,*,#763,.T.);
#1022=ORIENTED_EDGE('',*,*,#764,.T.);
#1023=ORIENTED_EDGE('',*,*,#765,.T.);
#1024=ORIENTED_EDGE('',*,*,#766,.T.);
#1025=ORIENTED_EDGE('',*,*,#767,.T.);
#1026=ORIENTED_EDGE('',*,*,#763,.F.);
#1027=ORIENTED_EDGE('',*,*,#768,.T.);
#1028=ORIENTED_EDGE('',*,*,#769,.T.);
#1029=ORIENTED_EDGE('',*,*,#766,.F.);
#1030=ORIENTED_EDGE('',*,*,#770,.T.);
#1031=ORIENTED_EDGE('',*,*,#771,.T.);
#1032=ORIENTED_EDGE('',*,*,#772,.T.);
#1033=ORIENTED_EDGE('',*,*,#768,.F.);
#1034=ORIENTED_EDGE('',*,*,#729,.T.);
#1035=ORIENTED_EDGE('',*,*,#773,.T.);
#1036=ORIENTED_EDGE('',*,*,#774,.T.);
#1037=ORIENTED_EDGE('',*,*,#771,.F.);
#1038=ORIENTED_EDGE('',*,*,#775,.T.);
#1039=ORIENTED_EDGE('',*,*,#776,.T.);
#1040=ORIENTED_EDGE('',*,*,#773,.F.);
#1041=ORIENTED_EDGE('',*,*,#728,.T.);
#1042=ORIENTED_EDGE('',*,*,#777,.T.);
#1043=ORIENTED_EDGE('',*,*,#778,.T.);
#1044=ORIENTED_EDGE('',*,*,#775,.F.);
#1045=ORIENTED_EDGE('',*,*,#732,.T.);
#1046=ORIENTED_EDGE('',*,*,#779,.T.);
#1047=ORIENTED_EDGE('',*,*,#780,.T.);
#1048=ORIENTED_EDGE('',*,*,#777,.F.);
#1049=ORIENTED_EDGE('',*,*,#743,.T.);
#1050=ORIENTED_EDGE('',*,*,#756,.F.);
#1051=ORIENTED_EDGE('',*,*,#781,.T.);
#1052=ORIENTED_EDGE('',*,*,#779,.F.);
#1053=ORIENTED_EDGE('',*,*,#725,.F.);
#1054=ORIENTED_EDGE('',*,*,#782,.T.);
#1055=ORIENTED_EDGE('',*,*,#765,.F.);
#1056=ORIENTED_EDGE('',*,*,#762,.F.);
#1057=ORIENTED_EDGE('',*,*,#783,.T.);
#1058=ORIENTED_EDGE('',*,*,#722,.F.);
#1059=ORIENTED_EDGE('',*,*,#783,.F.);
#1060=ORIENTED_EDGE('',*,*,#747,.F.);
#1061=ORIENTED_EDGE('',*,*,#784,.F.);
#1062=ORIENTED_EDGE('',*,*,#649,.T.);
#1063=ORIENTED_EDGE('',*,*,#652,.T.);
#1064=ORIENTED_EDGE('',*,*,#719,.F.);
#1065=ORIENTED_EDGE('',*,*,#784,.T.);
#1066=ORIENTED_EDGE('',*,*,#750,.F.);
#1067=ORIENTED_EDGE('',*,*,#760,.F.);
#1068=ORIENTED_EDGE('',*,*,#744,.T.);
#1069=ORIENTED_EDGE('',*,*,#764,.F.);
#1070=ORIENTED_EDGE('',*,*,#767,.F.);
#1071=ORIENTED_EDGE('',*,*,#769,.F.);
#1072=ORIENTED_EDGE('',*,*,#772,.F.);
#1073=ORIENTED_EDGE('',*,*,#785,.F.);
#1074=ORIENTED_EDGE('',*,*,#786,.F.);
#1075=ORIENTED_EDGE('',*,*,#787,.F.);
#1076=ORIENTED_EDGE('',*,*,#776,.F.);
#1077=ORIENTED_EDGE('',*,*,#778,.F.);
#1078=ORIENTED_EDGE('',*,*,#780,.F.);
#1079=ORIENTED_EDGE('',*,*,#788,.F.);
#1080=ORIENTED_EDGE('',*,*,#789,.F.);
#1081=ORIENTED_EDGE('',*,*,#790,.F.);
#1082=ORIENTED_EDGE('',*,*,#791,.F.);
#1083=ORIENTED_EDGE('',*,*,#792,.F.);
#1084=ORIENTED_EDGE('',*,*,#781,.F.);
#1085=ORIENTED_EDGE('',*,*,#793,.T.);
#1086=ORIENTED_EDGE('',*,*,#794,.F.);
#1087=ORIENTED_EDGE('',*,*,#788,.T.);
#1088=ORIENTED_EDGE('',*,*,#774,.F.);
#1089=ORIENTED_EDGE('',*,*,#792,.T.);
#1090=ORIENTED_EDGE('',*,*,#795,.F.);
#1091=ORIENTED_EDGE('',*,*,#785,.T.);
#1092=ORIENTED_EDGE('',*,*,#796,.T.);
#1093=ORIENTED_EDGE('',*,*,#797,.T.);
#1094=ORIENTED_EDGE('',*,*,#794,.T.);
#1095=ORIENTED_EDGE('',*,*,#797,.F.);
#1096=ORIENTED_EDGE('',*,*,#798,.T.);
#1097=ORIENTED_EDGE('',*,*,#799,.T.);
#1098=ORIENTED_EDGE('',*,*,#789,.T.);
#1099=ORIENTED_EDGE('',*,*,#796,.F.);
#1100=ORIENTED_EDGE('',*,*,#800,.T.);
#1101=ORIENTED_EDGE('',*,*,#801,.T.);
#1102=ORIENTED_EDGE('',*,*,#802,.T.);
#1103=ORIENTED_EDGE('',*,*,#799,.F.);
#1104=ORIENTED_EDGE('',*,*,#803,.T.);
#1105=ORIENTED_EDGE('',*,*,#804,.T.);
#1106=ORIENTED_EDGE('',*,*,#805,.T.);
#1107=ORIENTED_EDGE('',*,*,#806,.F.);
#1108=ORIENTED_EDGE('',*,*,#790,.T.);
#1109=ORIENTED_EDGE('',*,*,#655,.T.);
#1110=ORIENTED_EDGE('',*,*,#658,.T.);
#1111=ORIENTED_EDGE('',*,*,#663,.T.);
#1112=ORIENTED_EDGE('',*,*,#666,.T.);
#1113=ORIENTED_EDGE('',*,*,#693,.T.);
#1114=ORIENTED_EDGE('',*,*,#807,.T.);
#1115=ORIENTED_EDGE('',*,*,#808,.T.);
#1116=ORIENTED_EDGE('',*,*,#809,.T.);
#1117=ORIENTED_EDGE('',*,*,#810,.T.);
#1118=ORIENTED_EDGE('',*,*,#811,.T.);
#1119=ORIENTED_EDGE('',*,*,#812,.T.);
#1120=ORIENTED_EDGE('',*,*,#813,.T.);
#1121=ORIENTED_EDGE('',*,*,#814,.T.);
#1122=ORIENTED_EDGE('',*,*,#798,.F.);
#1123=ORIENTED_EDGE('',*,*,#802,.F.);
#1124=ORIENTED_EDGE('',*,*,#815,.T.);
#1125=ORIENTED_EDGE('',*,*,#816,.F.);
#1126=ORIENTED_EDGE('',*,*,#803,.F.);
#1127=ORIENTED_EDGE('',*,*,#761,.F.);
#1128=ORIENTED_EDGE('',*,*,#787,.T.);
#1129=ORIENTED_EDGE('',*,*,#817,.F.);
#1130=ORIENTED_EDGE('',*,*,#818,.T.);
#1131=ORIENTED_EDGE('',*,*,#819,.F.);
#1132=ORIENTED_EDGE('',*,*,#815,.F.);
#1133=ORIENTED_EDGE('',*,*,#801,.F.);
#1134=ORIENTED_EDGE('',*,*,#820,.T.);
#1135=ORIENTED_EDGE('',*,*,#751,.F.);
#1136=ORIENTED_EDGE('',*,*,#749,.F.);
#1137=ORIENTED_EDGE('',*,*,#795,.T.);
#1138=ORIENTED_EDGE('',*,*,#821,.T.);
#1139=ORIENTED_EDGE('',*,*,#822,.T.);
#1140=ORIENTED_EDGE('',*,*,#821,.F.);
#1141=ORIENTED_EDGE('',*,*,#791,.T.);
#1142=ORIENTED_EDGE('',*,*,#806,.T.);
#1143=ORIENTED_EDGE('',*,*,#823,.T.);
#1144=ORIENTED_EDGE('',*,*,#822,.F.);
#1145=ORIENTED_EDGE('',*,*,#824,.T.);
#1146=ORIENTED_EDGE('',*,*,#817,.T.);
#1147=ORIENTED_EDGE('',*,*,#786,.T.);
#1148=ORIENTED_EDGE('',*,*,#824,.F.);
#1149=ORIENTED_EDGE('',*,*,#823,.F.);
#1150=ORIENTED_EDGE('',*,*,#805,.F.);
#1151=ORIENTED_EDGE('',*,*,#825,.T.);
#1152=ORIENTED_EDGE('',*,*,#818,.F.);
#1153=ORIENTED_EDGE('',*,*,#702,.F.);
#1154=ORIENTED_EDGE('',*,*,#730,.F.);
#1155=ORIENTED_EDGE('',*,*,#770,.F.);
#1156=ORIENTED_EDGE('',*,*,#782,.F.);
#1157=ORIENTED_EDGE('',*,*,#726,.F.);
#1158=ORIENTED_EDGE('',*,*,#696,.F.);
#1159=ORIENTED_EDGE('',*,*,#752,.F.);
#1160=ORIENTED_EDGE('',*,*,#820,.F.);
#1161=ORIENTED_EDGE('',*,*,#800,.F.);
#1162=ORIENTED_EDGE('',*,*,#793,.F.);
#1163=ORIENTED_EDGE('',*,*,#755,.F.);
#1164=ORIENTED_EDGE('',*,*,#758,.F.);
#1165=ORIENTED_EDGE('',*,*,#759,.F.);
#1166=ORIENTED_EDGE('',*,*,#816,.T.);
#1167=ORIENTED_EDGE('',*,*,#819,.T.);
#1168=ORIENTED_EDGE('',*,*,#825,.F.);
#1169=ORIENTED_EDGE('',*,*,#804,.F.);
#1170=ORIENTED_EDGE('',*,*,#651,.T.);
#1171=ORIENTED_EDGE('',*,*,#654,.T.);
#1172=ORIENTED_EDGE('',*,*,#739,.F.);
#1173=ORIENTED_EDGE('',*,*,#826,.F.);
#1174=ORIENTED_EDGE('',*,*,#813,.F.);
#1175=ORIENTED_EDGE('',*,*,#827,.T.);
#1176=ORIENTED_EDGE('',*,*,#740,.F.);
#1177=ORIENTED_EDGE('',*,*,#827,.F.);
#1178=ORIENTED_EDGE('',*,*,#812,.F.);
#1179=ORIENTED_EDGE('',*,*,#828,.T.);
#1180=ORIENTED_EDGE('',*,*,#737,.F.);
#1181=ORIENTED_EDGE('',*,*,#828,.F.);
#1182=ORIENTED_EDGE('',*,*,#811,.F.);
#1183=ORIENTED_EDGE('',*,*,#829,.T.);
#1184=ORIENTED_EDGE('',*,*,#738,.F.);
#1185=ORIENTED_EDGE('',*,*,#829,.F.);
#1186=ORIENTED_EDGE('',*,*,#814,.F.);
#1187=ORIENTED_EDGE('',*,*,#826,.T.);
#1188=ORIENTED_EDGE('',*,*,#810,.F.);
#1189=ORIENTED_EDGE('',*,*,#830,.T.);
#1190=ORIENTED_EDGE('',*,*,#736,.F.);
#1191=ORIENTED_EDGE('',*,*,#830,.F.);
#1192=ORIENTED_EDGE('',*,*,#809,.F.);
#1193=ORIENTED_EDGE('',*,*,#831,.T.);
#1194=ORIENTED_EDGE('',*,*,#735,.F.);
#1195=ORIENTED_EDGE('',*,*,#831,.F.);
#1196=ORIENTED_EDGE('',*,*,#808,.F.);
#1197=ORIENTED_EDGE('',*,*,#832,.T.);
#1198=ORIENTED_EDGE('',*,*,#734,.F.);
#1199=ORIENTED_EDGE('',*,*,#832,.F.);
#1200=ORIENTED_EDGE('',*,*,#807,.F.);
#1201=ORIENTED_EDGE('',*,*,#833,.T.);
#1202=ORIENTED_EDGE('',*,*,#733,.F.);
#1203=ORIENTED_EDGE('',*,*,#833,.F.);
#1204=CYLINDRICAL_SURFACE('',#1335,2.5);
#1205=CYLINDRICAL_SURFACE('',#1338,2.5);
#1206=CYLINDRICAL_SURFACE('',#1341,2.55);
#1207=CYLINDRICAL_SURFACE('',#1344,2.55);
#1208=CYLINDRICAL_SURFACE('',#1347,2.);
#1209=CYLINDRICAL_SURFACE('',#1350,2.);
#1210=CYLINDRICAL_SURFACE('',#1363,1.);
#1211=CYLINDRICAL_SURFACE('',#1365,1.);
#1212=CYLINDRICAL_SURFACE('',#1367,3.6);
#1213=CYLINDRICAL_SURFACE('',#1377,1.);
#1214=CYLINDRICAL_SURFACE('',#1382,1.);
#1215=CYLINDRICAL_SURFACE('',#1387,1.);
#1216=CYLINDRICAL_SURFACE('',#1388,1.);
#1217=CYLINDRICAL_SURFACE('',#1393,1.);
#1218=CYLINDRICAL_SURFACE('',#1397,1.);
#1219=CYLINDRICAL_SURFACE('',#1398,2.);
#1220=CYLINDRICAL_SURFACE('',#1406,2.);
#1221=CYLINDRICAL_SURFACE('',#1412,1.);
#1222=CYLINDRICAL_SURFACE('',#1421,1.);
#1223=CYLINDRICAL_SURFACE('',#1431,1.);
#1224=CYLINDRICAL_SURFACE('',#1441,1.);
#1225=CYLINDRICAL_SURFACE('',#1448,2.);
#1226=CYLINDRICAL_SURFACE('',#1450,2.);
#1227=CYLINDRICAL_SURFACE('',#1453,1.);
#1228=CYLINDRICAL_SURFACE('',#1455,1.);
#1229=CYLINDRICAL_SURFACE('',#1459,2.);
#1230=CYLINDRICAL_SURFACE('',#1461,2.);
#1231=CYLINDRICAL_SURFACE('',#1474,2.);
#1232=CYLINDRICAL_SURFACE('',#1475,2.);
#1233=CYLINDRICAL_SURFACE('',#1484,1.75);
#1234=CYLINDRICAL_SURFACE('',#1485,1.75);
#1235=CYLINDRICAL_SURFACE('',#1486,1.75);
#1236=CYLINDRICAL_SURFACE('',#1487,1.75);
#1237=ADVANCED_FACE('',(#103),#1204,.F.);
#1238=ADVANCED_FACE('',(#104),#1205,.F.);
#1239=ADVANCED_FACE('',(#105),#1206,.F.);
#1240=ADVANCED_FACE('',(#106),#1207,.F.);
#1241=ADVANCED_FACE('',(#107),#1208,.F.);
#1242=ADVANCED_FACE('',(#108),#1209,.F.);
#1243=ADVANCED_FACE('',(#109),#79,.F.);
#1244=ADVANCED_FACE('',(#110),#80,.F.);
#1245=ADVANCED_FACE('',(#111),#81,.F.);
#1246=ADVANCED_FACE('',(#112),#82,.F.);
#1247=ADVANCED_FACE('',(#113,#55,#56,#57),#83,.F.);
#1248=ADVANCED_FACE('',(#114),#84,.T.);
#1249=ADVANCED_FACE('',(#115),#1210,.T.);
#1250=ADVANCED_FACE('',(#116),#1211,.T.);
#1251=ADVANCED_FACE('',(#117),#1212,.F.);
#1252=ADVANCED_FACE('',(#118),#49,.F.);
#1253=ADVANCED_FACE('',(#119),#50,.F.);
#1254=ADVANCED_FACE('',(#120),#1213,.F.);
#1255=ADVANCED_FACE('',(#121),#45,.T.);
#1256=ADVANCED_FACE('',(#122),#1214,.F.);
#1257=ADVANCED_FACE('',(#123),#46,.T.);
#1258=ADVANCED_FACE('',(#124),#1215,.F.);
#1259=ADVANCED_FACE('',(#125),#1216,.F.);
#1260=ADVANCED_FACE('',(#126),#47,.T.);
#1261=ADVANCED_FACE('',(#127),#1217,.F.);
#1262=ADVANCED_FACE('',(#128),#48,.T.);
#1263=ADVANCED_FACE('',(#129),#1218,.F.);
#1264=ADVANCED_FACE('',(#130),#1219,.F.);
#1265=ADVANCED_FACE('',(#131,#58,#59,#60,#61,#62),#85,.T.);
#1266=ADVANCED_FACE('',(#132),#1220,.F.);
#1267=ADVANCED_FACE('',(#133),#86,.F.);
#1268=ADVANCED_FACE('',(#134),#87,.T.);
#1269=ADVANCED_FACE('',(#135,#63,#64),#88,.T.);
#1270=ADVANCED_FACE('',(#136),#1221,.T.);
#1271=ADVANCED_FACE('',(#137),#51,.T.);
#1272=ADVANCED_FACE('',(#138),#21,.F.);
#1273=ADVANCED_FACE('',(#139),#1222,.T.);
#1274=ADVANCED_FACE('',(#140),#22,.F.);
#1275=ADVANCED_FACE('',(#141),#52,.T.);
#1276=ADVANCED_FACE('',(#142),#23,.F.);
#1277=ADVANCED_FACE('',(#143),#1223,.T.);
#1278=ADVANCED_FACE('',(#144),#24,.F.);
#1279=ADVANCED_FACE('',(#145),#19,.T.);
#1280=ADVANCED_FACE('',(#146),#53,.T.);
#1281=ADVANCED_FACE('',(#147),#1224,.T.);
#1282=ADVANCED_FACE('',(#148),#54,.T.);
#1283=ADVANCED_FACE('',(#149),#20,.T.);
#1284=ADVANCED_FACE('',(#150),#1225,.F.);
#1285=ADVANCED_FACE('',(#151,#65,#66),#89,.F.);
#1286=ADVANCED_FACE('',(#152),#1226,.F.);
#1287=ADVANCED_FACE('',(#153),#90,.F.);
#1288=ADVANCED_FACE('',(#154),#91,.T.);
#1289=ADVANCED_FACE('',(#155),#1227,.T.);
#1290=ADVANCED_FACE('',(#156),#1228,.T.);
#1291=ADVANCED_FACE('',(#157),#25,.F.);
#1292=ADVANCED_FACE('',(#158),#1229,.T.);
#1293=ADVANCED_FACE('',(#159),#1230,.T.);
#1294=ADVANCED_FACE('',(#160,#67,#68,#69,#70,#71,#72,#73,#74,#75,#76),#92,
 .T.);
#1295=ADVANCED_FACE('',(#161),#93,.T.);
#1296=ADVANCED_FACE('',(#162),#94,.T.);
#1297=ADVANCED_FACE('',(#163),#26,.F.);
#1298=ADVANCED_FACE('',(#164),#1231,.T.);
#1299=ADVANCED_FACE('',(#165),#1232,.T.);
#1300=ADVANCED_FACE('',(#166),#95,.T.);
#1301=ADVANCED_FACE('',(#167),#96,.T.);
#1302=ADVANCED_FACE('',(#168),#97,.T.);
#1303=ADVANCED_FACE('',(#169,#77,#78),#98,.T.);
#1304=ADVANCED_FACE('',(#170),#99,.F.);
#1305=ADVANCED_FACE('',(#171),#100,.F.);
#1306=ADVANCED_FACE('',(#172),#101,.F.);
#1307=ADVANCED_FACE('',(#173),#102,.F.);
#1308=ADVANCED_FACE('',(#174),#1233,.F.);
#1309=ADVANCED_FACE('',(#175),#1234,.F.);
#1310=ADVANCED_FACE('',(#176),#1235,.F.);
#1311=ADVANCED_FACE('',(#177),#1236,.F.);
#1312=CLOSED_SHELL('',(#1237,#1238,#1239,#1240,#1241,#1242,#1243,#1244,
#1245,#1246,#1247,#1248,#1249,#1250,#1251,#1252,#1253,#1254,#1255,#1256,
#1257,#1258,#1259,#1260,#1261,#1262,#1263,#1264,#1265,#1266,#1267,#1268,
#1269,#1270,#1271,#1272,#1273,#1274,#1275,#1276,#1277,#1278,#1279,#1280,
#1281,#1282,#1283,#1284,#1285,#1286,#1287,#1288,#1289,#1290,#1291,#1292,
#1293,#1294,#1295,#1296,#1297,#1298,#1299,#1300,#1301,#1302,#1303,#1304,
#1305,#1306,#1307,#1308,#1309,#1310,#1311));
#1313=DERIVED_UNIT_ELEMENT(#1316,1.);
#1314=DERIVED_UNIT_ELEMENT(#2481,-3.);
#1315=DIMENSIONAL_EXPONENTS(0.,1.,0.,0.,0.,0.,0.);
#1316=(
CONVERSION_BASED_UNIT('gram',#1318)
MASS_UNIT()
NAMED_UNIT(#1315)
);
#1317=(
MASS_UNIT()
NAMED_UNIT(*)
SI_UNIT(.KILO.,.GRAM.)
);
#1318=MASS_MEASURE_WITH_UNIT(MASS_MEASURE(0.001),#1317);
#1319=DERIVED_UNIT((#1313,#1314));
#1320=MEASURE_REPRESENTATION_ITEM('density measure',
POSITIVE_RATIO_MEASURE(1.),#1319);
#1321=PROPERTY_DEFINITION_REPRESENTATION(#1326,#1323);
#1322=PROPERTY_DEFINITION_REPRESENTATION(#1327,#1324);
#1323=REPRESENTATION('material name',(#1325),#2478);
#1324=REPRESENTATION('density',(#1320),#2478);
#1325=DESCRIPTIVE_REPRESENTATION_ITEM('Og\X\F3lny','Og\X\F3lny');
#1326=PROPERTY_DEFINITION('material property','material name',#2488);
#1327=PROPERTY_DEFINITION('material property','density of part',#2488);
#1328=DATE_TIME_ROLE('creation_date');
#1329=APPLIED_DATE_AND_TIME_ASSIGNMENT(#1330,#1328,(#2488));
#1330=DATE_AND_TIME(#1331,#1332);
#1331=CALENDAR_DATE(2025,3,12);
#1332=LOCAL_TIME(0,0,0.,#1333);
#1333=COORDINATED_UNIVERSAL_TIME_OFFSET(0,0,.BEHIND.);
#1334=AXIS2_PLACEMENT_3D('',#1889,#1488,#1489);
#1335=AXIS2_PLACEMENT_3D('',#1890,#1490,#1491);
#1336=AXIS2_PLACEMENT_3D('',#1892,#1492,#1493);
#1337=AXIS2_PLACEMENT_3D('',#1895,#1495,#1496);
#1338=AXIS2_PLACEMENT_3D('',#1896,#1497,#1498);
#1339=AXIS2_PLACEMENT_3D('',#1898,#1499,#1500);
#1340=AXIS2_PLACEMENT_3D('',#1901,#1502,#1503);
#1341=AXIS2_PLACEMENT_3D('',#1902,#1504,#1505);
#1342=AXIS2_PLACEMENT_3D('',#1904,#1506,#1507);
#1343=AXIS2_PLACEMENT_3D('',#1907,#1509,#1510);
#1344=AXIS2_PLACEMENT_3D('',#1908,#1511,#1512);
#1345=AXIS2_PLACEMENT_3D('',#1910,#1513,#1514);
#1346=AXIS2_PLACEMENT_3D('',#1913,#1516,#1517);
#1347=AXIS2_PLACEMENT_3D('',#1914,#1518,#1519);
#1348=AXIS2_PLACEMENT_3D('',#1916,#1520,#1521);
#1349=AXIS2_PLACEMENT_3D('',#1919,#1523,#1524);
#1350=AXIS2_PLACEMENT_3D('',#1920,#1525,#1526);
#1351=AXIS2_PLACEMENT_3D('',#1922,#1527,#1528);
#1352=AXIS2_PLACEMENT_3D('',#1925,#1530,#1531);
#1353=AXIS2_PLACEMENT_3D('',#1926,#1532,#1533);
#1354=AXIS2_PLACEMENT_3D('',#1938,#1539,#1540);
#1355=AXIS2_PLACEMENT_3D('',#1939,#1541,#1542);
#1356=AXIS2_PLACEMENT_3D('',#1945,#1546,#1547);
#1357=AXIS2_PLACEMENT_3D('',#1949,#1550,#1551);
#1358=AXIS2_PLACEMENT_3D('',#1954,#1553,#1554);
#1359=AXIS2_PLACEMENT_3D('',#1957,#1557,#1558);
#1360=AXIS2_PLACEMENT_3D('',#1960,#1560,#1561);
#1361=AXIS2_PLACEMENT_3D('',#1961,#1562,#1563);
#1362=AXIS2_PLACEMENT_3D('',#1967,#1566,#1567);
#1363=AXIS2_PLACEMENT_3D('',#1969,#1569,#1570);
#1364=AXIS2_PLACEMENT_3D('',#1972,#1572,#1573);
#1365=AXIS2_PLACEMENT_3D('',#1973,#1574,#1575);
#1366=AXIS2_PLACEMENT_3D('',#1977,#1577,#1578);
#1367=AXIS2_PLACEMENT_3D('',#1979,#1580,#1581);
#1368=AXIS2_PLACEMENT_3D('',#1981,#1582,#1583);
#1369=AXIS2_PLACEMENT_3D('',#1983,#1585,#1586);
#1370=AXIS2_PLACEMENT_3D('',#1985,#1587,#1588);
#1371=AXIS2_PLACEMENT_3D('',#1987,#1589,#1590);
#1372=AXIS2_PLACEMENT_3D('',#1988,#1591,#1592);
#1373=AXIS2_PLACEMENT_3D('',#1989,#1593,#1594);
#1374=AXIS2_PLACEMENT_3D('',#1992,#1595,#1596);
#1375=AXIS2_PLACEMENT_3D('',#1993,#1597,#1598);
#1376=AXIS2_PLACEMENT_3D('',#1994,#1599,#1600);
#1377=AXIS2_PLACEMENT_3D('',#1995,#1601,#1602);
#1378=AXIS2_PLACEMENT_3D('',#1998,#1603,#1604);
#1379=AXIS2_PLACEMENT_3D('',#2012,#1607,#1608);
#1380=AXIS2_PLACEMENT_3D('',#2013,#1609,#1610);
#1381=AXIS2_PLACEMENT_3D('',#2014,#1611,#1612);
#1382=AXIS2_PLACEMENT_3D('',#2015,#1613,#1614);
#1383=AXIS2_PLACEMENT_3D('',#2018,#1615,#1616);
#1384=AXIS2_PLACEMENT_3D('',#2032,#1619,#1620);
#1385=AXIS2_PLACEMENT_3D('',#2033,#1621,#1622);
#1386=AXIS2_PLACEMENT_3D('',#2034,#1623,#1624);
#1387=AXIS2_PLACEMENT_3D('',#2035,#1625,#1626);
#1388=AXIS2_PLACEMENT_3D('',#2038,#1629,#1630);
#1389=AXIS2_PLACEMENT_3D('',#2041,#1631,#1632);
#1390=AXIS2_PLACEMENT_3D('',#2055,#1635,#1636);
#1391=AXIS2_PLACEMENT_3D('',#2056,#1637,#1638);
#1392=AXIS2_PLACEMENT_3D('',#2057,#1639,#1640);
#1393=AXIS2_PLACEMENT_3D('',#2058,#1641,#1642);
#1394=AXIS2_PLACEMENT_3D('',#2060,#1643,#1644);
#1395=AXIS2_PLACEMENT_3D('',#2073,#1647,#1648);
#1396=AXIS2_PLACEMENT_3D('',#2074,#1649,#1650);
#1397=AXIS2_PLACEMENT_3D('',#2075,#1651,#1652);
#1398=AXIS2_PLACEMENT_3D('',#2077,#1654,#1655);
#1399=AXIS2_PLACEMENT_3D('',#2081,#1657,#1658);
#1400=AXIS2_PLACEMENT_3D('',#2083,#1659,#1660);
#1401=AXIS2_PLACEMENT_3D('',#2085,#1662,#1663);
#1402=AXIS2_PLACEMENT_3D('',#2090,#1666,#1667);
#1403=AXIS2_PLACEMENT_3D('',#2092,#1668,#1669);
#1404=AXIS2_PLACEMENT_3D('',#2094,#1670,#1671);
#1405=AXIS2_PLACEMENT_3D('',#2096,#1672,#1673);
#1406=AXIS2_PLACEMENT_3D('',#2105,#1678,#1679);
#1407=AXIS2_PLACEMENT_3D('',#2109,#1681,#1682);
#1408=AXIS2_PLACEMENT_3D('',#2110,#1683,#1684);
#1409=AXIS2_PLACEMENT_3D('',#2111,#1685,#1686);
#1410=AXIS2_PLACEMENT_3D('',#2115,#1689,#1690);
#1411=AXIS2_PLACEMENT_3D('',#2116,#1691,#1692);
#1412=AXIS2_PLACEMENT_3D('',#2117,#1693,#1694);
#1413=AXIS2_PLACEMENT_3D('',#2120,#1695,#1696);
#1414=AXIS2_PLACEMENT_3D('',#2124,#1698,#1699);
#1415=AXIS2_PLACEMENT_3D('',#2126,#1701,#1702);
#1416=AXIS2_PLACEMENT_3D('',#2128,#1703,#1704);
#1417=AXIS2_PLACEMENT_3D('',#2130,#1705,#1706);
#1418=AXIS2_PLACEMENT_3D('',#2178,#1707,#1708);
#1419=AXIS2_PLACEMENT_3D('',#2180,#1709,#1710);
#1420=AXIS2_PLACEMENT_3D('',#2181,#1711,#1712);
#1421=AXIS2_PLACEMENT_3D('',#2182,#1713,#1714);
#1422=AXIS2_PLACEMENT_3D('',#2184,#1715,#1716);
#1423=AXIS2_PLACEMENT_3D('',#2206,#1718,#1719);
#1424=AXIS2_PLACEMENT_3D('',#2207,#1720,#1721);
#1425=AXIS2_PLACEMENT_3D('',#2208,#1722,#1723);
#1426=AXIS2_PLACEMENT_3D('',#2210,#1724,#1725);
#1427=AXIS2_PLACEMENT_3D('',#2212,#1726,#1727);
#1428=AXIS2_PLACEMENT_3D('',#2255,#1728,#1729);
#1429=AXIS2_PLACEMENT_3D('',#2257,#1730,#1731);
#1430=AXIS2_PLACEMENT_3D('',#2258,#1732,#1733);
#1431=AXIS2_PLACEMENT_3D('',#2259,#1734,#1735);
#1432=AXIS2_PLACEMENT_3D('',#2261,#1736,#1737);
#1433=AXIS2_PLACEMENT_3D('',#2290,#1740,#1741);
#1434=AXIS2_PLACEMENT_3D('',#2291,#1742,#1743);
#1435=AXIS2_PLACEMENT_3D('',#2292,#1744,#1745);
#1436=AXIS2_PLACEMENT_3D('',#2294,#1746,#1747);
#1437=AXIS2_PLACEMENT_3D('',#2295,#1748,#1749);
#1438=AXIS2_PLACEMENT_3D('',#2296,#1750,#1751);
#1439=AXIS2_PLACEMENT_3D('',#2298,#1752,#1753);
#1440=AXIS2_PLACEMENT_3D('',#2299,#1754,#1755);
#1441=AXIS2_PLACEMENT_3D('',#2300,#1756,#1757);
#1442=AXIS2_PLACEMENT_3D('',#2302,#1758,#1759);
#1443=AXIS2_PLACEMENT_3D('',#2304,#1761,#1762);
#1444=AXIS2_PLACEMENT_3D('',#2306,#1763,#1764);
#1445=AXIS2_PLACEMENT_3D('',#2307,#1765,#1766);
#1446=AXIS2_PLACEMENT_3D('',#2308,#1767,#1768);
#1447=AXIS2_PLACEMENT_3D('',#2309,#1769,#1770);
#1448=AXIS2_PLACEMENT_3D('',#2310,#1771,#1772);
#1449=AXIS2_PLACEMENT_3D('',#2313,#1775,#1776);
#1450=AXIS2_PLACEMENT_3D('',#2315,#1778,#1779);
#1451=AXIS2_PLACEMENT_3D('',#2316,#1780,#1781);
#1452=AXIS2_PLACEMENT_3D('',#2322,#1785,#1786);
#1453=AXIS2_PLACEMENT_3D('',#2332,#1792,#1793);
#1454=AXIS2_PLACEMENT_3D('',#2335,#1795,#1796);
#1455=AXIS2_PLACEMENT_3D('',#2336,#1797,#1798);
#1456=AXIS2_PLACEMENT_3D('',#2337,#1799,#1800);
#1457=AXIS2_PLACEMENT_3D('',#2369,#1801,#1802);
#1458=AXIS2_PLACEMENT_3D('',#2370,#1803,#1804);
#1459=AXIS2_PLACEMENT_3D('',#2371,#1805,#1806);
#1460=AXIS2_PLACEMENT_3D('',#2374,#1808,#1809);
#1461=AXIS2_PLACEMENT_3D('',#2375,#1810,#1811);
#1462=AXIS2_PLACEMENT_3D('',#2379,#1813,#1814);
#1463=AXIS2_PLACEMENT_3D('',#2381,#1816,#1817);
#1464=AXIS2_PLACEMENT_3D('',#2388,#1821,#1822);
#1465=AXIS2_PLACEMENT_3D('',#2390,#1823,#1824);
#1466=AXIS2_PLACEMENT_3D('',#2392,#1825,#1826);
#1467=AXIS2_PLACEMENT_3D('',#2394,#1827,#1828);
#1468=AXIS2_PLACEMENT_3D('',#2396,#1829,#1830);
#1469=AXIS2_PLACEMENT_3D('',#2405,#1835,#1836);
#1470=AXIS2_PLACEMENT_3D('',#2409,#1839,#1840);
#1471=AXIS2_PLACEMENT_3D('',#2411,#1841,#1842);
#1472=AXIS2_PLACEMENT_3D('',#2447,#1846,#1847);
#1473=AXIS2_PLACEMENT_3D('',#2448,#1848,#1849);
#1474=AXIS2_PLACEMENT_3D('',#2449,#1850,#1851);
#1475=AXIS2_PLACEMENT_3D('',#2451,#1853,#1854);
#1476=AXIS2_PLACEMENT_3D('',#2453,#1856,#1857);
#1477=AXIS2_PLACEMENT_3D('',#2455,#1859,#1860);
#1478=AXIS2_PLACEMENT_3D('',#2456,#1861,#1862);
#1479=AXIS2_PLACEMENT_3D('',#2457,#1863,#1864);
#1480=AXIS2_PLACEMENT_3D('',#2458,#1865,#1866);
#1481=AXIS2_PLACEMENT_3D('',#2461,#1869,#1870);
#1482=AXIS2_PLACEMENT_3D('',#2463,#1872,#1873);
#1483=AXIS2_PLACEMENT_3D('',#2465,#1875,#1876);
#1484=AXIS2_PLACEMENT_3D('',#2466,#1877,#1878);
#1485=AXIS2_PLACEMENT_3D('',#2468,#1880,#1881);
#1486=AXIS2_PLACEMENT_3D('',#2470,#1883,#1884);
#1487=AXIS2_PLACEMENT_3D('',#2472,#1886,#1887);
#1488=DIRECTION('axis',(0.,0.,1.));
#1489=DIRECTION('refdir',(1.,0.,0.));
#1490=DIRECTION('center_axis',(0.,0.,1.));
#1491=DIRECTION('ref_axis',(-1.,0.,0.));
#1492=DIRECTION('center_axis',(0.,0.,1.));
#1493=DIRECTION('ref_axis',(-1.,0.,0.));
#1494=DIRECTION('',(0.,0.,1.));
#1495=DIRECTION('center_axis',(0.,0.,-1.));
#1496=DIRECTION('ref_axis',(-1.,0.,0.));
#1497=DIRECTION('center_axis',(0.,0.,1.));
#1498=DIRECTION('ref_axis',(-1.,0.,0.));
#1499=DIRECTION('center_axis',(0.,0.,1.));
#1500=DIRECTION('ref_axis',(-1.,0.,0.));
#1501=DIRECTION('',(0.,0.,1.));
#1502=DIRECTION('center_axis',(0.,0.,-1.));
#1503=DIRECTION('ref_axis',(-1.,0.,0.));
#1504=DIRECTION('center_axis',(0.,1.,0.));
#1505=DIRECTION('ref_axis',(1.,0.,0.));
#1506=DIRECTION('center_axis',(0.,-1.,0.));
#1507=DIRECTION('ref_axis',(1.,0.,0.));
#1508=DIRECTION('',(0.,-1.,0.));
#1509=DIRECTION('center_axis',(0.,1.,0.));
#1510=DIRECTION('ref_axis',(1.,0.,0.));
#1511=DIRECTION('center_axis',(0.,1.,0.));
#1512=DIRECTION('ref_axis',(1.,0.,0.));
#1513=DIRECTION('center_axis',(0.,-1.,0.));
#1514=DIRECTION('ref_axis',(1.,0.,0.));
#1515=DIRECTION('',(0.,-1.,0.));
#1516=DIRECTION('center_axis',(0.,1.,0.));
#1517=DIRECTION('ref_axis',(1.,0.,0.));
#1518=DIRECTION('center_axis',(0.,-1.,0.));
#1519=DIRECTION('ref_axis',(1.,0.,0.));
#1520=DIRECTION('center_axis',(0.,1.,0.));
#1521=DIRECTION('ref_axis',(1.,0.,0.));
#1522=DIRECTION('',(0.,1.,0.));
#1523=DIRECTION('center_axis',(0.,-1.,0.));
#1524=DIRECTION('ref_axis',(1.,0.,0.));
#1525=DIRECTION('center_axis',(0.,-1.,0.));
#1526=DIRECTION('ref_axis',(1.,0.,0.));
#1527=DIRECTION('center_axis',(0.,1.,0.));
#1528=DIRECTION('ref_axis',(1.,0.,0.));
#1529=DIRECTION('',(0.,1.,0.));
#1530=DIRECTION('center_axis',(0.,-1.,0.));
#1531=DIRECTION('ref_axis',(1.,0.,0.));
#1532=DIRECTION('center_axis',(-1.,0.,-1.58603289232165E-16));
#1533=DIRECTION('ref_axis',(-1.58603289232165E-16,0.,1.));
#1534=DIRECTION('',(0.,-1.,0.));
#1535=DIRECTION('',(-1.58603289232165E-16,0.,1.));
#1536=DIRECTION('',(0.,1.,0.));
#1537=DIRECTION('',(1.58603289232165E-16,0.,-1.));
#1538=DIRECTION('',(-1.58603289232165E-16,0.,1.));
#1539=DIRECTION('center_axis',(-1.,0.,-1.58603289232165E-16));
#1540=DIRECTION('ref_axis',(0.,-0.707106781186545,-0.70710678118655));
#1541=DIRECTION('center_axis',(0.,-1.,0.));
#1542=DIRECTION('ref_axis',(0.,0.,-1.));
#1543=DIRECTION('',(1.,0.,0.));
#1544=DIRECTION('',(-1.,0.,0.));
#1545=DIRECTION('',(-7.93016446160826E-17,0.,1.));
#1546=DIRECTION('center_axis',(0.,0.,1.));
#1547=DIRECTION('ref_axis',(1.,0.,0.));
#1548=DIRECTION('',(1.,0.,0.));
#1549=DIRECTION('',(0.,1.,0.));
#1550=DIRECTION('center_axis',(1.,0.,7.93016446160826E-17));
#1551=DIRECTION('ref_axis',(7.93016446160826E-17,0.,-1.));
#1552=DIRECTION('',(0.,1.,0.));
#1553=DIRECTION('center_axis',(1.,0.,7.93016446160826E-17));
#1554=DIRECTION('ref_axis',(0.,-0.707106781186545,-0.70710678118655));
#1555=DIRECTION('',(7.93016446160826E-17,0.,-1.));
#1556=DIRECTION('',(7.93016446160826E-17,0.,-1.));
#1557=DIRECTION('center_axis',(0.,1.,0.));
#1558=DIRECTION('ref_axis',(0.,0.,1.));
#1559=DIRECTION('',(-1.,0.,6.54447256621145E-16));
#1560=DIRECTION('center_axis',(0.,-1.,0.));
#1561=DIRECTION('ref_axis',(1.,0.,0.));
#1562=DIRECTION('center_axis',(0.,-1.,0.));
#1563=DIRECTION('ref_axis',(0.,0.,-1.));
#1564=DIRECTION('',(-1.,0.,6.54447256621145E-16));
#1565=DIRECTION('',(0.,0.,-1.));
#1566=DIRECTION('center_axis',(0.,1.,0.));
#1567=DIRECTION('ref_axis',(0.707106781186548,0.,0.707106781186548));
#1568=DIRECTION('',(1.,0.,0.));
#1569=DIRECTION('center_axis',(1.,0.,-6.54447256621145E-16));
#1570=DIRECTION('ref_axis',(0.,-0.707106781186545,-0.70710678118655));
#1571=DIRECTION('',(1.,0.,-6.54447256621145E-16));
#1572=DIRECTION('center_axis',(1.,0.,0.));
#1573=DIRECTION('ref_axis',(0.,0.,-1.));
#1574=DIRECTION('center_axis',(1.,0.,-6.54447256621145E-16));
#1575=DIRECTION('ref_axis',(0.,-0.707106781186545,-0.70710678118655));
#1576=DIRECTION('',(-1.,0.,6.54447256621145E-16));
#1577=DIRECTION('center_axis',(-1.,0.,0.));
#1578=DIRECTION('ref_axis',(0.,-1.,0.));
#1579=DIRECTION('',(1.,0.,-6.54447256621145E-16));
#1580=DIRECTION('center_axis',(0.,-1.,0.));
#1581=DIRECTION('ref_axis',(1.,0.,0.));
#1582=DIRECTION('center_axis',(0.,-1.,0.));
#1583=DIRECTION('ref_axis',(1.,0.,0.));
#1584=DIRECTION('',(0.,-1.,0.));
#1585=DIRECTION('center_axis',(1.,0.,0.));
#1586=DIRECTION('ref_axis',(0.,0.,-1.));
#1587=DIRECTION('center_axis',(0.,-1.,0.));
#1588=DIRECTION('ref_axis',(1.,0.,0.));
#1589=DIRECTION('center_axis',(-1.,0.,0.));
#1590=DIRECTION('ref_axis',(0.,-0.707106781186545,-0.70710678118655));
#1591=DIRECTION('center_axis',(0.,0.,-1.));
#1592=DIRECTION('ref_axis',(0.,1.,0.));
#1593=DIRECTION('center_axis',(1.,0.,0.));
#1594=DIRECTION('ref_axis',(0.,0.,-1.));
#1595=DIRECTION('center_axis',(1.,0.,0.));
#1596=DIRECTION('ref_axis',(0.,-0.707106781186547,-0.707106781186548));
#1597=DIRECTION('center_axis',(0.,-1.,0.));
#1598=DIRECTION('ref_axis',(0.,0.,1.));
#1599=DIRECTION('center_axis',(0.,0.,-1.));
#1600=DIRECTION('ref_axis',(-1.,0.,0.));
#1601=DIRECTION('center_axis',(0.,1.,0.));
#1602=DIRECTION('ref_axis',(0.707106781186544,0.,0.707106781186551));
#1603=DIRECTION('center_axis',(0.,1.,0.));
#1604=DIRECTION('ref_axis',(0.,0.,1.));
#1605=DIRECTION('',(0.,-1.,0.));
#1606=DIRECTION('',(0.,1.,0.));
#1607=DIRECTION('center_axis',(-1.,0.,0.));
#1608=DIRECTION('ref_axis',(0.,0.,1.));
#1609=DIRECTION('center_axis',(-6.54447256621145E-16,0.,-1.));
#1610=DIRECTION('ref_axis',(0.707106781186547,0.707106781186548,-4.85722573273507E-16));
#1611=DIRECTION('center_axis',(6.54447256621145E-16,0.,1.));
#1612=DIRECTION('ref_axis',(0.707106781186547,0.707106781186548,-4.62764093085744E-16));
#1613=DIRECTION('center_axis',(-1.,0.,6.54447256621145E-16));
#1614=DIRECTION('ref_axis',(0.,0.707106781186549,0.707106781186546));
#1615=DIRECTION('center_axis',(-1.,0.,0.));
#1616=DIRECTION('ref_axis',(0.,0.,1.));
#1617=DIRECTION('',(1.,0.,-6.54447256621145E-16));
#1618=DIRECTION('',(-1.,0.,6.54447256621145E-16));
#1619=DIRECTION('center_axis',(0.,-1.,0.));
#1620=DIRECTION('ref_axis',(0.,0.,1.));
#1621=DIRECTION('center_axis',(-6.54447256621145E-16,0.,-1.));
#1622=DIRECTION('ref_axis',(-0.707106781186547,0.707106781186548,4.85722573273506E-16));
#1623=DIRECTION('center_axis',(6.54447256621145E-16,0.,1.));
#1624=DIRECTION('ref_axis',(-0.707106781186547,0.707106781186548,4.62764093085744E-16));
#1625=DIRECTION('center_axis',(0.,-1.,0.));
#1626=DIRECTION('ref_axis',(-0.707106781186544,0.,0.707106781186551));
#1627=DIRECTION('',(0.,1.,0.));
#1628=DIRECTION('',(0.,-1.,0.));
#1629=DIRECTION('center_axis',(0.,0.,1.));
#1630=DIRECTION('ref_axis',(-0.707106781186547,0.707106781186548,0.));
#1631=DIRECTION('center_axis',(0.,0.,1.));
#1632=DIRECTION('ref_axis',(0.,1.,0.));
#1633=DIRECTION('',(0.,0.,-1.));
#1634=DIRECTION('',(0.,0.,1.));
#1635=DIRECTION('center_axis',(1.,0.,0.));
#1636=DIRECTION('ref_axis',(0.,1.,0.));
#1637=DIRECTION('center_axis',(0.,-1.,0.));
#1638=DIRECTION('ref_axis',(-0.707106781186548,0.,0.707106781186548));
#1639=DIRECTION('center_axis',(0.,1.,0.));
#1640=DIRECTION('ref_axis',(-0.707106781186548,0.,0.707106781186548));
#1641=DIRECTION('center_axis',(1.,0.,0.));
#1642=DIRECTION('ref_axis',(0.,0.707106781186542,0.707106781186553));
#1643=DIRECTION('center_axis',(1.,0.,0.));
#1644=DIRECTION('ref_axis',(0.,1.,0.));
#1645=DIRECTION('',(-1.,0.,0.));
#1646=DIRECTION('',(1.,0.,0.));
#1647=DIRECTION('center_axis',(0.,0.,-1.));
#1648=DIRECTION('ref_axis',(0.,1.,0.));
#1649=DIRECTION('center_axis',(0.,-1.,0.));
#1650=DIRECTION('ref_axis',(0.707106781186548,0.,0.707106781186548));
#1651=DIRECTION('center_axis',(0.,0.,-1.));
#1652=DIRECTION('ref_axis',(0.707106781186547,0.707106781186548,0.));
#1653=DIRECTION('',(0.,0.,1.));
#1654=DIRECTION('center_axis',(0.,0.,1.));
#1655=DIRECTION('ref_axis',(0.707106781186546,0.707106781186549,0.));
#1656=DIRECTION('',(0.,0.,-1.));
#1657=DIRECTION('center_axis',(0.,0.,1.));
#1658=DIRECTION('ref_axis',(0.492928397879815,0.870069879126751,0.));
#1659=DIRECTION('center_axis',(0.,0.945945945945946,0.324324324324324));
#1660=DIRECTION('ref_axis',(0.,0.324324324324324,-0.945945945945946));
#1661=DIRECTION('',(0.,0.,1.));
#1662=DIRECTION('center_axis',(0.,-1.,0.));
#1663=DIRECTION('ref_axis',(0.,0.,-1.));
#1664=DIRECTION('',(0.,0.,1.));
#1665=DIRECTION('',(-1.,0.,0.));
#1666=DIRECTION('center_axis',(0.,1.,0.));
#1667=DIRECTION('ref_axis',(1.,0.,0.));
#1668=DIRECTION('center_axis',(0.,1.,0.));
#1669=DIRECTION('ref_axis',(1.,0.,0.));
#1670=DIRECTION('center_axis',(0.,1.,0.));
#1671=DIRECTION('ref_axis',(1.,0.,0.));
#1672=DIRECTION('center_axis',(0.,1.,0.));
#1673=DIRECTION('ref_axis',(1.,0.,0.));
#1674=DIRECTION('',(-1.,0.,1.2166827667125E-16));
#1675=DIRECTION('',(3.41607084500048E-16,0.,1.));
#1676=DIRECTION('',(1.,0.,0.));
#1677=DIRECTION('',(0.,0.,-1.));
#1678=DIRECTION('center_axis',(0.,0.,-1.));
#1679=DIRECTION('ref_axis',(-0.707106781186546,0.707106781186549,0.));
#1680=DIRECTION('',(0.,0.,-1.));
#1681=DIRECTION('center_axis',(0.,0.945945945945946,0.324324324324324));
#1682=DIRECTION('ref_axis',(0.,0.324324324324324,-0.945945945945946));
#1683=DIRECTION('center_axis',(0.,0.,1.));
#1684=DIRECTION('ref_axis',(0.,1.,0.));
#1685=DIRECTION('center_axis',(-1.,0.,0.));
#1686=DIRECTION('ref_axis',(0.,1.,0.));
#1687=DIRECTION('',(0.,1.,0.));
#1688=DIRECTION('',(0.,-0.457348012620761,0.889287802318147));
#1689=DIRECTION('center_axis',(-6.54447256621145E-16,0.,-1.));
#1690=DIRECTION('ref_axis',(1.,0.,-6.54447256621145E-16));
#1691=DIRECTION('center_axis',(0.,-1.,0.));
#1692=DIRECTION('ref_axis',(0.,0.,-1.));
#1693=DIRECTION('center_axis',(1.,8.88178419700125E-17,0.));
#1694=DIRECTION('ref_axis',(0.,-0.707106781186551,-0.707106781186544));
#1695=DIRECTION('center_axis',(1.,0.,0.));
#1696=DIRECTION('ref_axis',(0.,-1.,0.));
#1697=DIRECTION('',(1.,8.88178419700125E-17,0.));
#1698=DIRECTION('center_axis',(-1.,0.,0.));
#1699=DIRECTION('ref_axis',(0.,0.,-1.));
#1700=DIRECTION('',(-1.,-8.88178419700125E-17,0.));
#1701=DIRECTION('center_axis',(-8.88178419700125E-17,1.,0.));
#1702=DIRECTION('ref_axis',(0.,0.,1.));
#1703=DIRECTION('center_axis',(-8.88178419700125E-17,1.,0.));
#1704=DIRECTION('ref_axis',(-4.44089209850063E-17,0.,1.));
#1705=DIRECTION('center_axis',(8.88178419700125E-17,-1.,0.));
#1706=DIRECTION('ref_axis',(-4.44089209850063E-17,-3.94430452610506E-33,
1.));
#1707=DIRECTION('center_axis',(0.,0.457348012620762,-0.889287802318147));
#1708=DIRECTION('ref_axis',(1.,0.,0.));
#1709=DIRECTION('center_axis',(0.,-0.889287802318147,-0.457348012620761));
#1710=DIRECTION('ref_axis',(-8.4626382313021E-17,0.457348012620761,-0.889287802318147));
#1711=DIRECTION('center_axis',(-0.628136713476502,-0.355863857894062,0.691957501460671));
#1712=DIRECTION('ref_axis',(0.,-0.889287802318146,-0.457348012620764));
#1713=DIRECTION('center_axis',(0.,0.457348012620761,-0.889287802318147));
#1714=DIRECTION('ref_axis',(0.707106781186547,-0.628821435445643,-0.323393881086335));
#1715=DIRECTION('center_axis',(0.,0.457348012620758,-0.889287802318149));
#1716=DIRECTION('ref_axis',(1.,0.,0.));
#1717=DIRECTION('',(0.,0.457348012620761,-0.889287802318147));
#1718=DIRECTION('center_axis',(0.,-0.889287802318147,-0.457348012620761));
#1719=DIRECTION('ref_axis',(0.,-0.457348012620761,0.889287802318147));
#1720=DIRECTION('center_axis',(0.,0.791782255563472,0.610803454291821));
#1721=DIRECTION('ref_axis',(0.,-0.610803454291821,0.791782255563472));
#1722=DIRECTION('center_axis',(-8.88178419700125E-17,1.,0.));
#1723=DIRECTION('ref_axis',(0.,0.,1.));
#1724=DIRECTION('center_axis',(8.88178419700125E-17,-1.,0.));
#1725=DIRECTION('ref_axis',(4.39648317751562E-15,3.90486148084401E-31,1.));
#1726=DIRECTION('center_axis',(-8.88178419700125E-17,1.,0.));
#1727=DIRECTION('ref_axis',(4.39648317751562E-15,0.,1.));
#1728=DIRECTION('center_axis',(0.,0.791782255563472,0.610803454291821));
#1729=DIRECTION('ref_axis',(0.,-0.610803454291821,0.791782255563472));
#1730=DIRECTION('center_axis',(0.,-0.45734801262076,0.889287802318148));
#1731=DIRECTION('ref_axis',(-1.,0.,0.));
#1732=DIRECTION('center_axis',(0.,-0.889287802318147,-0.457348012620761));
#1733=DIRECTION('ref_axis',(0.,-0.457348012620761,0.889287802318147));
#1734=DIRECTION('center_axis',(0.,-0.457348012620761,0.889287802318147));
#1735=DIRECTION('ref_axis',(-0.707106781186547,-0.628821435445643,-0.323393881086335));
#1736=DIRECTION('center_axis',(1.68124412861869E-14,-0.457348012620758,
0.889287802318149));
#1737=DIRECTION('ref_axis',(-1.,-2.22044604925032E-15,1.77635683940026E-14));
#1738=DIRECTION('',(0.,-0.457348012620761,0.889287802318147));
#1739=DIRECTION('',(0.,0.457348012620761,-0.889287802318147));
#1740=DIRECTION('center_axis',(0.628136713476497,-0.355863857894059,0.691957501460677));
#1741=DIRECTION('ref_axis',(-0.492928397879816,-0.87006987912675,0.));
#1742=DIRECTION('center_axis',(0.,-0.889287802318147,-0.457348012620761));
#1743=DIRECTION('ref_axis',(8.4626382313021E-17,0.457348012620761,-0.889287802318147));
#1744=DIRECTION('center_axis',(-0.977505105006854,0.162424991245212,0.134543271494831));
#1745=DIRECTION('ref_axis',(-0.210911758054259,-0.75278523865911,-0.623562839472823));
#1746=DIRECTION('center_axis',(0.870069879126749,-0.492928397879818,0.));
#1747=DIRECTION('ref_axis',(-0.492928397879818,-0.870069879126749,-2.22044604925032E-15));
#1748=DIRECTION('center_axis',(-1.,0.,0.));
#1749=DIRECTION('ref_axis',(0.,-0.520889617567502,-0.853624042720436));
#1750=DIRECTION('center_axis',(0.,0.,1.));
#1751=DIRECTION('ref_axis',(1.,0.,0.));
#1752=DIRECTION('center_axis',(1.,0.,0.));
#1753=DIRECTION('ref_axis',(0.,-1.,0.));
#1754=DIRECTION('center_axis',(0.,0.,-1.));
#1755=DIRECTION('ref_axis',(0.492928397879815,0.870069879126751,0.));
#1756=DIRECTION('center_axis',(-1.,0.,0.));
#1757=DIRECTION('ref_axis',(0.,-0.707106781186547,-0.707106781186548));
#1758=DIRECTION('center_axis',(1.,0.,0.));
#1759=DIRECTION('ref_axis',(0.,-1.,0.));
#1760=DIRECTION('',(1.,0.,0.));
#1761=DIRECTION('center_axis',(0.,0.,1.));
#1762=DIRECTION('ref_axis',(1.,0.,0.));
#1763=DIRECTION('center_axis',(0.87006987912675,0.492928397879816,-1.12849658720302E-14));
#1764=DIRECTION('ref_axis',(0.492928397879816,-0.87006987912675,0.));
#1765=DIRECTION('center_axis',(0.,0.,-1.));
#1766=DIRECTION('ref_axis',(0.,1.,0.));
#1767=DIRECTION('center_axis',(-0.977505105006855,-0.162424991245209,-0.134543271494827));
#1768=DIRECTION('ref_axis',(0.210911758054259,-0.752785238659107,-0.623562839472826));
#1769=DIRECTION('center_axis',(1.,0.,0.));
#1770=DIRECTION('ref_axis',(0.,-0.520889617567502,-0.853624042720436));
#1771=DIRECTION('center_axis',(0.,-1.,0.));
#1772=DIRECTION('ref_axis',(0.707106781186548,0.,0.707106781186548));
#1773=DIRECTION('',(0.,-1.,0.));
#1774=DIRECTION('',(0.,1.,0.));
#1775=DIRECTION('center_axis',(0.,0.,1.));
#1776=DIRECTION('ref_axis',(1.,0.,0.));
#1777=DIRECTION('',(0.,-1.,0.));
#1778=DIRECTION('center_axis',(0.,1.,0.));
#1779=DIRECTION('ref_axis',(-0.707106781186548,0.,0.707106781186548));
#1780=DIRECTION('center_axis',(0.,0.889287802318147,0.457348012620761));
#1781=DIRECTION('ref_axis',(0.,0.457348012620761,-0.889287802318147));
#1782=DIRECTION('',(-1.,0.,0.));
#1783=DIRECTION('',(0.,0.457348012620761,-0.889287802318147));
#1784=DIRECTION('',(1.,8.88178419700125E-17,-1.72701359386135E-16));
#1785=DIRECTION('center_axis',(0.,0.,-1.));
#1786=DIRECTION('ref_axis',(-1.,0.,0.));
#1787=DIRECTION('',(1.,0.,0.));
#1788=DIRECTION('',(0.,-1.,0.));
#1789=DIRECTION('',(-1.,0.,0.));
#1790=DIRECTION('',(0.,1.,0.));
#1791=DIRECTION('',(1.,0.,0.));
#1792=DIRECTION('center_axis',(-1.,0.,0.));
#1793=DIRECTION('ref_axis',(0.,-0.520889617567502,-0.853624042720437));
#1794=DIRECTION('',(-1.,0.,0.));
#1795=DIRECTION('center_axis',(-1.,0.,0.));
#1796=DIRECTION('ref_axis',(0.,0.,-1.));
#1797=DIRECTION('center_axis',(-1.,0.,0.));
#1798=DIRECTION('ref_axis',(0.,-0.520889617567502,-0.853624042720437));
#1799=DIRECTION('center_axis',(1.,0.,0.));
#1800=DIRECTION('ref_axis',(0.,-0.889287802318144,-0.457348012620768));
#1801=DIRECTION('center_axis',(-8.63293608269007E-16,0.696956263286031,
-0.717113636090105));
#1802=DIRECTION('ref_axis',(0.,-0.717113636090105,-0.696956263286032));
#1803=DIRECTION('center_axis',(0.,-0.956471971348405,0.291824207400442));
#1804=DIRECTION('ref_axis',(0.,-0.291824207400442,-0.956471971348405));
#1805=DIRECTION('center_axis',(0.,-1.,0.));
#1806=DIRECTION('ref_axis',(-0.707106781186546,0.,-0.707106781186549));
#1807=DIRECTION('',(0.,1.,0.));
#1808=DIRECTION('center_axis',(0.,-1.,0.));
#1809=DIRECTION('ref_axis',(-0.707106781186546,0.,-0.707106781186549));
#1810=DIRECTION('center_axis',(0.,-0.457348012620761,0.889287802318147));
#1811=DIRECTION('ref_axis',(-0.707106781186547,-0.628821435445643,-0.323393881086335));
#1812=DIRECTION('',(0.,-0.457348012620761,0.889287802318147));
#1813=DIRECTION('center_axis',(-8.88178419700125E-17,1.,0.));
#1814=DIRECTION('ref_axis',(0.,0.,-1.));
#1815=DIRECTION('',(0.,0.457348012620761,-0.889287802318147));
#1816=DIRECTION('center_axis',(0.,1.,0.));
#1817=DIRECTION('ref_axis',(0.,0.,1.));
#1818=DIRECTION('',(0.,0.,1.));
#1819=DIRECTION('',(1.,0.,0.));
#1820=DIRECTION('',(0.,0.,-1.));
#1821=DIRECTION('center_axis',(0.,-1.,0.));
#1822=DIRECTION('ref_axis',(0.707106781186546,0.,-0.707106781186549));
#1823=DIRECTION('center_axis',(0.,-1.,0.));
#1824=DIRECTION('ref_axis',(1.,0.,0.));
#1825=DIRECTION('center_axis',(0.,-1.,0.));
#1826=DIRECTION('ref_axis',(1.,0.,0.));
#1827=DIRECTION('center_axis',(0.,-1.,0.));
#1828=DIRECTION('ref_axis',(1.,0.,0.));
#1829=DIRECTION('center_axis',(0.,-1.,0.));
#1830=DIRECTION('ref_axis',(1.,0.,0.));
#1831=DIRECTION('',(1.,0.,-1.2166827667125E-16));
#1832=DIRECTION('',(0.,0.,1.));
#1833=DIRECTION('',(-1.,0.,0.));
#1834=DIRECTION('',(-3.41607084500048E-16,0.,-1.));
#1835=DIRECTION('center_axis',(-1.,0.,0.));
#1836=DIRECTION('ref_axis',(0.,-1.,0.));
#1837=DIRECTION('',(0.,0.,1.));
#1838=DIRECTION('',(0.,-1.,0.));
#1839=DIRECTION('center_axis',(8.88178419700125E-17,-1.,0.));
#1840=DIRECTION('ref_axis',(1.,8.88178419700125E-17,0.));
#1841=DIRECTION('center_axis',(-8.88178419700125E-17,1.,0.));
#1842=DIRECTION('ref_axis',(-9.52046801021486E-17,0.,-1.));
#1843=DIRECTION('',(0.,0.,1.));
#1844=DIRECTION('',(1.,8.88178419700125E-17,0.));
#1845=DIRECTION('',(1.,8.88178419700125E-17,0.));
#1846=DIRECTION('center_axis',(0.,-0.956471971348405,0.291824207400441));
#1847=DIRECTION('ref_axis',(0.,-0.291824207400441,-0.956471971348405));
#1848=DIRECTION('center_axis',(-9.6722111332108E-17,0.696956263286031,-0.717113636090105));
#1849=DIRECTION('ref_axis',(0.,-0.717113636090105,-0.696956263286032));
#1850=DIRECTION('center_axis',(0.,-1.,0.));
#1851=DIRECTION('ref_axis',(0.707106781186546,0.,-0.707106781186549));
#1852=DIRECTION('',(0.,-1.,0.));
#1853=DIRECTION('center_axis',(0.,0.457348012620761,-0.889287802318147));
#1854=DIRECTION('ref_axis',(0.707106781186546,-0.628821435445645,-0.323393881086332));
#1855=DIRECTION('',(0.,-0.457348012620761,0.889287802318147));
#1856=DIRECTION('center_axis',(1.,0.,0.));
#1857=DIRECTION('ref_axis',(0.,0.,1.));
#1858=DIRECTION('',(0.,-1.,0.));
#1859=DIRECTION('center_axis',(-1.,0.,0.));
#1860=DIRECTION('ref_axis',(0.,1.,0.));
#1861=DIRECTION('center_axis',(0.,-0.889287802318147,-0.457348012620761));
#1862=DIRECTION('ref_axis',(0.,0.457348012620761,-0.889287802318147));
#1863=DIRECTION('center_axis',(0.,0.,1.));
#1864=DIRECTION('ref_axis',(1.,0.,0.));
#1865=DIRECTION('center_axis',(0.,0.,1.));
#1866=DIRECTION('ref_axis',(-1.,0.,0.));
#1867=DIRECTION('',(0.,-1.,0.));
#1868=DIRECTION('',(0.,-1.,0.));
#1869=DIRECTION('center_axis',(1.,0.,0.));
#1870=DIRECTION('ref_axis',(0.,0.,1.));
#1871=DIRECTION('',(0.,-1.,0.));
#1872=DIRECTION('center_axis',(-1.2166827667125E-16,0.,-1.));
#1873=DIRECTION('ref_axis',(1.,0.,-1.2166827667125E-16));
#1874=DIRECTION('',(0.,-1.,0.));
#1875=DIRECTION('center_axis',(-1.,0.,3.41607084500048E-16));
#1876=DIRECTION('ref_axis',(-3.41607084500048E-16,0.,-1.));
#1877=DIRECTION('center_axis',(0.,1.,0.));
#1878=DIRECTION('ref_axis',(1.,0.,0.));
#1879=DIRECTION('',(0.,-1.,0.));
#1880=DIRECTION('center_axis',(0.,1.,0.));
#1881=DIRECTION('ref_axis',(1.,0.,0.));
#1882=DIRECTION('',(0.,-1.,0.));
#1883=DIRECTION('center_axis',(0.,1.,0.));
#1884=DIRECTION('ref_axis',(1.,0.,0.));
#1885=DIRECTION('',(0.,-1.,0.));
#1886=DIRECTION('center_axis',(0.,1.,0.));
#1887=DIRECTION('ref_axis',(1.,0.,0.));
#1888=DIRECTION('',(0.,-1.,0.));
#1889=CARTESIAN_POINT('',(0.,0.,0.));
#1890=CARTESIAN_POINT('Origin',(-30.5,-27.,50.));
#1891=CARTESIAN_POINT('',(-28.,-27.,50.));
#1892=CARTESIAN_POINT('Origin',(-30.5,-27.,50.));
#1893=CARTESIAN_POINT('',(-28.,-27.,55.));
#1894=CARTESIAN_POINT('',(-28.,-27.,50.));
#1895=CARTESIAN_POINT('Origin',(-30.5,-27.,55.));
#1896=CARTESIAN_POINT('Origin',(30.5,-27.,50.));
#1897=CARTESIAN_POINT('',(33.,-27.,50.));
#1898=CARTESIAN_POINT('Origin',(30.5,-27.,50.));
#1899=CARTESIAN_POINT('',(33.,-27.,55.));
#1900=CARTESIAN_POINT('',(33.,-27.,50.));
#1901=CARTESIAN_POINT('Origin',(30.5,-27.,55.));
#1902=CARTESIAN_POINT('Origin',(-37.5,-141.010836221131,40.));
#1903=CARTESIAN_POINT('',(-40.05,1.99999999999999,40.));
#1904=CARTESIAN_POINT('Origin',(-37.5,1.99999999999999,40.));
#1905=CARTESIAN_POINT('',(-40.05,-8.00000000000001,40.));
#1906=CARTESIAN_POINT('',(-40.05,-141.010836221131,40.));
#1907=CARTESIAN_POINT('Origin',(-37.5,-8.00000000000001,40.));
#1908=CARTESIAN_POINT('Origin',(-37.5,-141.010836221131,30.));
#1909=CARTESIAN_POINT('',(-40.05,1.99999999999999,30.));
#1910=CARTESIAN_POINT('Origin',(-37.5,1.99999999999999,30.));
#1911=CARTESIAN_POINT('',(-40.05,-8.00000000000001,30.));
#1912=CARTESIAN_POINT('',(-40.05,-141.010836221131,30.));
#1913=CARTESIAN_POINT('Origin',(-37.5,-8.00000000000001,30.));
#1914=CARTESIAN_POINT('Origin',(-9.49999999999999,138.010836221131,42.8));
#1915=CARTESIAN_POINT('',(-11.5,-5.00000000000002,42.8));
#1916=CARTESIAN_POINT('Origin',(-9.49999999999999,-5.,42.8));
#1917=CARTESIAN_POINT('',(-11.5,1.99999999999999,42.8));
#1918=CARTESIAN_POINT('',(-11.5,138.010836221131,42.8));
#1919=CARTESIAN_POINT('Origin',(-9.49999999999999,1.99999999999999,42.8));
#1920=CARTESIAN_POINT('Origin',(-9.49999999999999,138.010836221131,28.));
#1921=CARTESIAN_POINT('',(-11.5,-5.00000000000002,28.));
#1922=CARTESIAN_POINT('Origin',(-9.49999999999999,-5.,28.));
#1923=CARTESIAN_POINT('',(-11.5,1.99999999999999,28.));
#1924=CARTESIAN_POINT('',(-11.5,138.010836221131,28.));
#1925=CARTESIAN_POINT('Origin',(-9.49999999999999,1.99999999999999,28.));
#1926=CARTESIAN_POINT('Origin',(-29.5,-8.,22.));
#1927=CARTESIAN_POINT('',(-29.5,-5.,23.));
#1928=CARTESIAN_POINT('',(-29.5,-7.,23.));
#1929=CARTESIAN_POINT('',(-29.5,-3.,23.));
#1930=CARTESIAN_POINT('',(-29.5,-5.,50.));
#1931=CARTESIAN_POINT('',(-29.5,-5.,50.));
#1932=CARTESIAN_POINT('',(-29.5,-8.,50.));
#1933=CARTESIAN_POINT('',(-29.5,-8.,50.));
#1934=CARTESIAN_POINT('',(-29.5,-8.,49.));
#1935=CARTESIAN_POINT('',(-29.5,-8.,50.));
#1936=CARTESIAN_POINT('',(-29.5,-8.,24.));
#1937=CARTESIAN_POINT('',(-29.5,-8.,30.));
#1938=CARTESIAN_POINT('Origin',(-29.5,-7.,24.));
#1939=CARTESIAN_POINT('Origin',(-17.5,-8.,36.));
#1940=CARTESIAN_POINT('',(-5.49999999999999,-8.,49.));
#1941=CARTESIAN_POINT('',(-3.75,-8.,49.));
#1942=CARTESIAN_POINT('',(-5.49999999999999,-8.,50.));
#1943=CARTESIAN_POINT('',(-5.49999999999999,-8.,50.));
#1944=CARTESIAN_POINT('',(-5.49999999999998,-8.,22.));
#1945=CARTESIAN_POINT('Origin',(-29.5,-8.,50.));
#1946=CARTESIAN_POINT('',(-5.49999999999999,-5.,50.));
#1947=CARTESIAN_POINT('',(-5.49999999999999,-5.,50.));
#1948=CARTESIAN_POINT('',(-5.49999999999999,-8.,50.));
#1949=CARTESIAN_POINT('Origin',(-5.49999999999999,-8.,50.));
#1950=CARTESIAN_POINT('',(-5.49999999999998,-7.,23.));
#1951=CARTESIAN_POINT('',(-5.49999999999998,-5.,23.));
#1952=CARTESIAN_POINT('',(-5.49999999999999,-3.,23.));
#1953=CARTESIAN_POINT('',(-5.49999999999998,-8.,24.));
#1954=CARTESIAN_POINT('Origin',(-5.50000000000001,-7.,24.));
#1955=CARTESIAN_POINT('',(-5.49999999999999,-8.,44.));
#1956=CARTESIAN_POINT('',(-5.49999999999998,-5.,22.));
#1957=CARTESIAN_POINT('Origin',(-17.5,-5.,36.));
#1958=CARTESIAN_POINT('',(-32.5,-5.,23.));
#1959=CARTESIAN_POINT('',(-21.1,-5.,38.));
#1960=CARTESIAN_POINT('Origin',(-17.5,-5.,38.));
#1961=CARTESIAN_POINT('Origin',(0.,-8.,38.));
#1962=CARTESIAN_POINT('',(46.5,-8.,24.));
#1963=CARTESIAN_POINT('',(-23.75,-8.,24.));
#1964=CARTESIAN_POINT('',(46.5,-8.,48.));
#1965=CARTESIAN_POINT('',(46.5,-8.,44.));
#1966=CARTESIAN_POINT('',(45.5,-8.,49.));
#1967=CARTESIAN_POINT('Origin',(45.5,-8.,48.));
#1968=CARTESIAN_POINT('',(-3.75,-8.,49.));
#1969=CARTESIAN_POINT('Origin',(-23.75,-7.,24.));
#1970=CARTESIAN_POINT('',(46.5,-7.,23.));
#1971=CARTESIAN_POINT('',(-23.75,-7.,23.));
#1972=CARTESIAN_POINT('Origin',(46.5,-7.,24.));
#1973=CARTESIAN_POINT('Origin',(-23.75,-7.,24.));
#1974=CARTESIAN_POINT('',(-46.5,-8.,24.));
#1975=CARTESIAN_POINT('',(-23.75,-8.,24.));
#1976=CARTESIAN_POINT('',(-46.5,-7.,23.));
#1977=CARTESIAN_POINT('Origin',(-46.5,-7.,24.));
#1978=CARTESIAN_POINT('',(-23.75,-7.,23.));
#1979=CARTESIAN_POINT('Origin',(-17.5,2.,38.));
#1980=CARTESIAN_POINT('',(-21.1,2.,38.));
#1981=CARTESIAN_POINT('Origin',(-17.5,2.,38.));
#1982=CARTESIAN_POINT('',(-21.1,2.,38.));
#1983=CARTESIAN_POINT('Origin',(46.5,-7.,24.));
#1984=CARTESIAN_POINT('',(47.5,-7.,22.));
#1985=CARTESIAN_POINT('Origin',(46.5,-7.,22.));
#1986=CARTESIAN_POINT('',(47.5,-9.,24.));
#1987=CARTESIAN_POINT('Origin',(47.5,-7.,24.));
#1988=CARTESIAN_POINT('Origin',(46.5,-9.,24.));
#1989=CARTESIAN_POINT('Origin',(-46.5,-7.,24.));
#1990=CARTESIAN_POINT('',(-47.5,-9.,24.));
#1991=CARTESIAN_POINT('',(-47.5,-7.,22.));
#1992=CARTESIAN_POINT('Origin',(-47.5,-7.,24.));
#1993=CARTESIAN_POINT('Origin',(-46.5,-7.,22.));
#1994=CARTESIAN_POINT('Origin',(-46.5,-9.,24.));
#1995=CARTESIAN_POINT('Origin',(46.5,-18.,22.));
#1996=CARTESIAN_POINT('',(46.5,-4.,23.));
#1997=CARTESIAN_POINT('',(47.5,-4.,22.));
#1998=CARTESIAN_POINT('Origin',(46.5,-4.,22.));
#1999=CARTESIAN_POINT('',(47.5,-18.,22.));
#2000=CARTESIAN_POINT('',(46.5,-18.,23.));
#2001=CARTESIAN_POINT('Ctrl Pts',(47.5,-4.,22.));
#2002=CARTESIAN_POINT('Ctrl Pts',(47.5,-2.00000000000001,22.));
#2003=CARTESIAN_POINT('Ctrl Pts',(45.5,-2.00000000000001,22.));
#2004=CARTESIAN_POINT('Ctrl Pts',(47.5000000000001,-4.,23.));
#2005=CARTESIAN_POINT('Ctrl Pts',(47.5000000000001,-1.99999999999995,23.));
#2006=CARTESIAN_POINT('Ctrl Pts',(45.5,-1.99999999999995,23.));
#2007=CARTESIAN_POINT('Ctrl Pts',(46.5,-4.,23.));
#2008=CARTESIAN_POINT('Ctrl Pts',(46.5,-3.00000000000001,23.));
#2009=CARTESIAN_POINT('Ctrl Pts',(45.5,-3.00000000000001,23.));
#2010=CARTESIAN_POINT('',(45.5,-3.,23.));
#2011=CARTESIAN_POINT('',(45.5,-2.,22.));
#2012=CARTESIAN_POINT('Origin',(45.5,-3.,22.));
#2013=CARTESIAN_POINT('Origin',(45.5,-4.,22.));
#2014=CARTESIAN_POINT('Origin',(45.5,-4.,23.));
#2015=CARTESIAN_POINT('Origin',(-23.75,-3.,22.));
#2016=CARTESIAN_POINT('',(-45.5,-3.,23.));
#2017=CARTESIAN_POINT('',(-45.5,-2.,22.));
#2018=CARTESIAN_POINT('Origin',(-45.5,-3.,22.));
#2019=CARTESIAN_POINT('',(-23.75,-2.,22.));
#2020=CARTESIAN_POINT('',(-23.75,-3.,23.));
#2021=CARTESIAN_POINT('Ctrl Pts',(-45.5,-2.00000000000001,22.));
#2022=CARTESIAN_POINT('Ctrl Pts',(-47.5,-2.00000000000001,22.));
#2023=CARTESIAN_POINT('Ctrl Pts',(-47.5,-4.,22.));
#2024=CARTESIAN_POINT('Ctrl Pts',(-45.5,-2.00000000000001,23.));
#2025=CARTESIAN_POINT('Ctrl Pts',(-47.5,-2.00000000000001,23.));
#2026=CARTESIAN_POINT('Ctrl Pts',(-47.5,-4.,23.));
#2027=CARTESIAN_POINT('Ctrl Pts',(-45.5,-3.,23.));
#2028=CARTESIAN_POINT('Ctrl Pts',(-46.5,-3.,23.));
#2029=CARTESIAN_POINT('Ctrl Pts',(-46.5,-4.,23.));
#2030=CARTESIAN_POINT('',(-46.5,-4.,23.));
#2031=CARTESIAN_POINT('',(-47.5,-4.,22.));
#2032=CARTESIAN_POINT('Origin',(-46.5,-4.,22.));
#2033=CARTESIAN_POINT('Origin',(-45.5,-4.,22.));
#2034=CARTESIAN_POINT('Origin',(-45.5,-4.,23.));
#2035=CARTESIAN_POINT('Origin',(-46.5,-18.,22.));
#2036=CARTESIAN_POINT('',(-47.5,-18.,22.));
#2037=CARTESIAN_POINT('',(-46.5,-18.,23.));
#2038=CARTESIAN_POINT('Origin',(-46.5,-9.,44.));
#2039=CARTESIAN_POINT('',(-46.5,-8.,48.));
#2040=CARTESIAN_POINT('',(-47.5,-9.,48.));
#2041=CARTESIAN_POINT('Origin',(-46.5,-9.,48.));
#2042=CARTESIAN_POINT('',(-47.5,-9.,44.));
#2043=CARTESIAN_POINT('',(-46.5,-8.,44.));
#2044=CARTESIAN_POINT('Ctrl Pts',(-47.5,-9.,48.));
#2045=CARTESIAN_POINT('Ctrl Pts',(-47.5,-9.,50.));
#2046=CARTESIAN_POINT('Ctrl Pts',(-45.5,-9.,50.));
#2047=CARTESIAN_POINT('Ctrl Pts',(-47.5,-8.,48.));
#2048=CARTESIAN_POINT('Ctrl Pts',(-47.5,-8.,50.));
#2049=CARTESIAN_POINT('Ctrl Pts',(-45.5,-8.,50.));
#2050=CARTESIAN_POINT('Ctrl Pts',(-46.5,-8.,48.));
#2051=CARTESIAN_POINT('Ctrl Pts',(-46.5,-8.,49.));
#2052=CARTESIAN_POINT('Ctrl Pts',(-45.5,-8.,49.));
#2053=CARTESIAN_POINT('',(-45.5,-8.,49.));
#2054=CARTESIAN_POINT('',(-45.5,-9.,50.));
#2055=CARTESIAN_POINT('Origin',(-45.5,-9.,49.));
#2056=CARTESIAN_POINT('Origin',(-45.5,-9.,48.));
#2057=CARTESIAN_POINT('Origin',(-45.5,-8.,48.));
#2058=CARTESIAN_POINT('Origin',(-3.75,-9.,49.));
#2059=CARTESIAN_POINT('',(45.5,-9.,50.));
#2060=CARTESIAN_POINT('Origin',(45.5,-9.,49.));
#2061=CARTESIAN_POINT('',(-3.75,-9.,50.));
#2062=CARTESIAN_POINT('',(-3.75,-8.,49.));
#2063=CARTESIAN_POINT('Ctrl Pts',(45.5,-9.,50.));
#2064=CARTESIAN_POINT('Ctrl Pts',(47.5,-9.,50.));
#2065=CARTESIAN_POINT('Ctrl Pts',(47.5,-9.,48.));
#2066=CARTESIAN_POINT('Ctrl Pts',(45.5,-8.,50.));
#2067=CARTESIAN_POINT('Ctrl Pts',(47.5,-8.,50.));
#2068=CARTESIAN_POINT('Ctrl Pts',(47.5,-8.,48.));
#2069=CARTESIAN_POINT('Ctrl Pts',(45.5,-8.,49.));
#2070=CARTESIAN_POINT('Ctrl Pts',(46.5,-8.,49.));
#2071=CARTESIAN_POINT('Ctrl Pts',(46.5,-8.,48.));
#2072=CARTESIAN_POINT('',(47.5,-9.,48.));
#2073=CARTESIAN_POINT('Origin',(46.5,-9.,48.));
#2074=CARTESIAN_POINT('Origin',(45.5,-9.,48.));
#2075=CARTESIAN_POINT('Origin',(46.5,-9.,44.));
#2076=CARTESIAN_POINT('',(47.5,-9.,44.));
#2077=CARTESIAN_POINT('Origin',(45.5,-4.,25.));
#2078=CARTESIAN_POINT('',(45.5,-2.,-19.));
#2079=CARTESIAN_POINT('',(45.5,-2.,25.));
#2080=CARTESIAN_POINT('',(46.4858567957596,-2.2598602417465,-19.));
#2081=CARTESIAN_POINT('Origin',(45.5,-4.,-19.));
#2082=CARTESIAN_POINT('',(47.5,-4.,-13.9245923717606));
#2083=CARTESIAN_POINT('Origin',(45.5,-4.,-13.9245923717606));
#2084=CARTESIAN_POINT('',(47.5,-4.,25.));
#2085=CARTESIAN_POINT('Origin',(0.,-2.,0.));
#2086=CARTESIAN_POINT('',(-45.5,-2.,-19.));
#2087=CARTESIAN_POINT('',(-45.5,-2.,25.));
#2088=CARTESIAN_POINT('',(21.25,-2.,-19.));
#2089=CARTESIAN_POINT('',(-39.55,-1.99999999999999,-15.8));
#2090=CARTESIAN_POINT('Origin',(-37.8,-1.99999999999999,-15.8));
#2091=CARTESIAN_POINT('',(36.05,-1.99999999999999,-15.8));
#2092=CARTESIAN_POINT('Origin',(37.8,-1.99999999999999,-15.8));
#2093=CARTESIAN_POINT('',(36.05,-1.99999999999999,15.8));
#2094=CARTESIAN_POINT('Origin',(37.8,-1.99999999999999,15.8));
#2095=CARTESIAN_POINT('',(-39.55,-1.99999999999999,15.8));
#2096=CARTESIAN_POINT('Origin',(-37.8,-1.99999999999999,15.8));
#2097=CARTESIAN_POINT('',(36.5,-2.,-13.));
#2098=CARTESIAN_POINT('',(-36.5,-2.,-13.));
#2099=CARTESIAN_POINT('',(-18.25,-2.,-13.));
#2100=CARTESIAN_POINT('',(-36.5,-2.,13.));
#2101=CARTESIAN_POINT('',(-36.5,-2.,6.50000000000001));
#2102=CARTESIAN_POINT('',(36.5,-2.,13.));
#2103=CARTESIAN_POINT('',(18.25,-2.,13.));
#2104=CARTESIAN_POINT('',(36.5,-2.,-6.5));
#2105=CARTESIAN_POINT('Origin',(-45.5,-4.,25.));
#2106=CARTESIAN_POINT('',(-47.5,-4.,-13.9245923717606));
#2107=CARTESIAN_POINT('',(-47.5,-4.,25.));
#2108=CARTESIAN_POINT('',(-46.4858567957596,-2.2598602417465,-19.));
#2109=CARTESIAN_POINT('Origin',(-45.5,-4.,-13.9245923717606));
#2110=CARTESIAN_POINT('Origin',(-45.5,-4.,-19.));
#2111=CARTESIAN_POINT('Origin',(-47.5,-38.,50.));
#2112=CARTESIAN_POINT('',(-47.5,-35.8469332197626,48.));
#2113=CARTESIAN_POINT('',(-47.5,-28.,48.));
#2114=CARTESIAN_POINT('',(-47.5,-37.1107121976819,50.4573480126208));
#2115=CARTESIAN_POINT('Origin',(-47.5,2.,23.));
#2116=CARTESIAN_POINT('Origin',(0.,-8.,38.));
#2117=CARTESIAN_POINT('Origin',(-32.5,-37.,51.));
#2118=CARTESIAN_POINT('',(-45.5,-38.,51.));
#2119=CARTESIAN_POINT('',(-45.5,-37.,50.));
#2120=CARTESIAN_POINT('Origin',(-45.5,-37.,51.));
#2121=CARTESIAN_POINT('',(45.5,-37.,50.));
#2122=CARTESIAN_POINT('',(-32.5,-37.,50.));
#2123=CARTESIAN_POINT('',(45.5,-38.,51.));
#2124=CARTESIAN_POINT('Origin',(45.5,-37.,51.));
#2125=CARTESIAN_POINT('',(-32.5,-38.,51.));
#2126=CARTESIAN_POINT('Origin',(-45.5,-37.,48.));
#2127=CARTESIAN_POINT('',(-46.8288429145725,-37.,49.494716196604));
#2128=CARTESIAN_POINT('Origin',(-45.5,-37.,48.));
#2129=CARTESIAN_POINT('',(-47.7360679774998,-38.,50.));
#2130=CARTESIAN_POINT('Origin',(-45.5,-38.,48.));
#2131=CARTESIAN_POINT('',(-47.3766658753602,-37.9399270551784,49.8831914961803));
#2132=CARTESIAN_POINT('Ctrl Pts',(-47.7360679774998,-38.,50.));
#2133=CARTESIAN_POINT('Ctrl Pts',(-47.6822771764631,-38.,50.));
#2134=CARTESIAN_POINT('Ctrl Pts',(-47.6180788088587,-37.9969273158056,49.9940253362887));
#2135=CARTESIAN_POINT('Ctrl Pts',(-47.5265623113864,-37.9856838483716,49.9721630385003));
#2136=CARTESIAN_POINT('Ctrl Pts',(-47.4811051032937,-37.9771183263733,49.955507856837));
#2137=CARTESIAN_POINT('Ctrl Pts',(-47.4224410092191,-37.9599729702844,49.9221696644419));
#2138=CARTESIAN_POINT('Ctrl Pts',(-47.396830216089,-37.9502709253134,49.9033045769984));
#2139=CARTESIAN_POINT('Ctrl Pts',(-47.3766658753602,-37.9399270551784,49.8831914961803));
#2140=CARTESIAN_POINT('Ctrl Pts',(-47.3766658753602,-37.9399270551784,49.8831914961803));
#2141=CARTESIAN_POINT('Ctrl Pts',(-47.2909647400415,-37.8959642286182,49.7977082223131));
#2142=CARTESIAN_POINT('Ctrl Pts',(-47.2092685891936,-37.8290982004411,49.7220640187605));
#2143=CARTESIAN_POINT('Ctrl Pts',(-47.0615169641192,-37.655868335561,49.5975855941218));
#2144=CARTESIAN_POINT('Ctrl Pts',(-46.9972866831105,-37.5508115686061,49.5504867799735));
#2145=CARTESIAN_POINT('Ctrl Pts',(-46.917317659022,-37.3674944276327,49.5046537817731));
#2146=CARTESIAN_POINT('Ctrl Pts',(-46.8928482608195,-37.2977158358924,49.4939723008718));
#2147=CARTESIAN_POINT('Ctrl Pts',(-46.8534482572998,-37.1533225333807,49.4847335143953));
#2148=CARTESIAN_POINT('Ctrl Pts',(-46.8387519071612,-37.079027713899,49.4863668679776));
#2149=CARTESIAN_POINT('Ctrl Pts',(-46.8292160233486,-37.0030267326914,49.494389027806));
#2150=CARTESIAN_POINT('Ctrl Pts',(-46.8290283591943,-37.0015133635128,49.4945513313459));
#2151=CARTESIAN_POINT('Ctrl Pts',(-46.8288429145725,-37.,49.494716196604));
#2152=CARTESIAN_POINT('Ctrl Pts',(-48.5,-4.88928780231816,-14.3819403843814));
#2153=CARTESIAN_POINT('Ctrl Pts',(-48.5,-4.43699748829364,-15.2613937727624));
#2154=CARTESIAN_POINT('Ctrl Pts',(-48.2577581256523,-3.38117511535777,-17.3143817201377));
#2155=CARTESIAN_POINT('Ctrl Pts',(-47.5034840987775,-2.57634048476278,-18.8793379462946));
#2156=CARTESIAN_POINT('Ctrl Pts',(-46.9787851936395,-2.2790781649379,-19.4573480126208));
#2157=CARTESIAN_POINT('Ctrl Pts',(-48.2008006996581,-4.88928780231816,-14.3819403843814));
#2158=CARTESIAN_POINT('Ctrl Pts',(-48.2268917402078,-4.44553771400932,-15.2424868124197));
#2159=CARTESIAN_POINT('Ctrl Pts',(-48.0488895973245,-3.40610763971705,-17.2632667847528));
#2160=CARTESIAN_POINT('Ctrl Pts',(-47.3623632231645,-2.61093209272687,-18.812292758392));
#2161=CARTESIAN_POINT('Ctrl Pts',(-46.8771029018824,-2.31661945682758,-19.3843510561686));
#2162=CARTESIAN_POINT('Ctrl Pts',(-47.6829123915655,-4.66587843777196,-14.2670441397576));
#2163=CARTESIAN_POINT('Ctrl Pts',(-47.7505359458088,-4.28002213201504,-15.1173435585749));
#2164=CARTESIAN_POINT('Ctrl Pts',(-47.6819636638241,-3.34937078255111,-17.1226765528014));
#2165=CARTESIAN_POINT('Ctrl Pts',(-47.1156173067327,-2.61411727165839,-18.665613700888));
#2166=CARTESIAN_POINT('Ctrl Pts',(-46.6992298829582,-2.34187472542416,-19.2358720874583));
#2167=CARTESIAN_POINT('Ctrl Pts',(-47.5,-4.19955571619212,-14.0272210258023));
#2168=CARTESIAN_POINT('Ctrl Pts',(-47.5303698764455,-3.88126628273836,-14.8979906538189));
#2169=CARTESIAN_POINT('Ctrl Pts',(-47.4202366439637,-3.11808812893172,-16.9367414766887));
#2170=CARTESIAN_POINT('Ctrl Pts',(-46.9108020102865,-2.51629227977244,-18.4950659499078));
#2171=CARTESIAN_POINT('Ctrl Pts',(-46.5448637310711,-2.29328996363974,-19.0707570220957));
#2172=CARTESIAN_POINT('Ctrl Pts',(-47.5,-4.,-13.9245923717606));
#2173=CARTESIAN_POINT('Ctrl Pts',(-47.5,-3.69847312398366,-14.8040457601416));
#2174=CARTESIAN_POINT('Ctrl Pts',(-47.3385054171016,-2.99459154202641,-16.8570337075169));
#2175=CARTESIAN_POINT('Ctrl Pts',(-46.8356560658517,-2.45803512162975,-18.4219899336738));
#2176=CARTESIAN_POINT('Ctrl Pts',(-46.4858567957596,-2.2598602417465,-19.));
#2177=CARTESIAN_POINT('',(-48.5,-4.88928780231815,-14.3819403843814));
#2178=CARTESIAN_POINT('Origin',(-48.5,-4.,-13.9245923717606));
#2179=CARTESIAN_POINT('',(-46.9787851936395,-2.27907816493789,-19.4573480126208));
#2180=CARTESIAN_POINT('Origin',(-45.5,-4.88928780231815,-14.3819403843814));
#2181=CARTESIAN_POINT('Origin',(-46.9787851936395,-1.38979036261975,-19.));
#2182=CARTESIAN_POINT('Origin',(-48.5,-37.1107121976819,50.4573480126208));
#2183=CARTESIAN_POINT('',(-48.5,-36.7362210220808,47.5426519873792));
#2184=CARTESIAN_POINT('Origin',(-48.5,-35.8469332197626,48.));
#2185=CARTESIAN_POINT('',(-48.5,-38.,50.));
#2186=CARTESIAN_POINT('Ctrl Pts',(-47.3766658753602,-37.9399270551784,49.8831914961803));
#2187=CARTESIAN_POINT('Ctrl Pts',(-48.0748903541072,-37.6520079315477,49.3233487557871));
#2188=CARTESIAN_POINT('Ctrl Pts',(-48.5,-37.1964826926493,48.437605235707));
#2189=CARTESIAN_POINT('Ctrl Pts',(-48.5,-36.7362210220807,47.5426519873792));
#2190=CARTESIAN_POINT('Ctrl Pts',(-47.2228489485397,-37.8619041205149,49.7314802343344));
#2191=CARTESIAN_POINT('Ctrl Pts',(-47.8573937880997,-37.5897487410741,49.2015473088286));
#2192=CARTESIAN_POINT('Ctrl Pts',(-48.2273515797851,-37.159071222516,48.3672022295433));
#2193=CARTESIAN_POINT('Ctrl Pts',(-48.2008006996581,-36.7362210220807,47.5426519873792));
#2194=CARTESIAN_POINT('Ctrl Pts',(-46.9547062773136,-37.5975549970552,49.5330091265202));
#2195=CARTESIAN_POINT('Ctrl Pts',(-47.4790555595629,-37.3319751955034,49.0664497384752));
#2196=CARTESIAN_POINT('Ctrl Pts',(-47.7517991599436,-36.9153330458612,48.3385726791183));
#2197=CARTESIAN_POINT('Ctrl Pts',(-47.6829837794662,-36.5127587476586,47.6575754427963));
#2198=CARTESIAN_POINT('Ctrl Pts',(-46.7922735733831,-37.2146385650804,49.5273548127515));
#2199=CARTESIAN_POINT('Ctrl Pts',(-47.2647899906109,-36.9333786702428,49.1282253571809));
#2200=CARTESIAN_POINT('Ctrl Pts',(-47.5309051280436,-36.4895679269372,48.5026011953681));
#2201=CARTESIAN_POINT('Ctrl Pts',(-47.5,-36.0464889359547,47.8973713459583));
#2202=CARTESIAN_POINT('Ctrl Pts',(-46.7511105835735,-37.0506392528603,49.560359672534));
#2203=CARTESIAN_POINT('Ctrl Pts',(-47.2165935694048,-36.7627201292295,49.1871311789386));
#2204=CARTESIAN_POINT('Ctrl Pts',(-47.5,-36.3071948903312,48.5966354988852));
#2205=CARTESIAN_POINT('Ctrl Pts',(-47.5,-35.8469332197626,48.));
#2206=CARTESIAN_POINT('Origin',(-45.5,-36.7362210220807,47.5426519873792));
#2207=CARTESIAN_POINT('Origin',(-45.5,-35.8469332197626,48.));
#2208=CARTESIAN_POINT('Origin',(45.5,-37.,48.));
#2209=CARTESIAN_POINT('',(47.7360679774998,-38.,50.));
#2210=CARTESIAN_POINT('Origin',(45.5,-38.,48.));
#2211=CARTESIAN_POINT('',(46.8288429145725,-37.,49.494716196604));
#2212=CARTESIAN_POINT('Origin',(45.5,-37.,48.));
#2213=CARTESIAN_POINT('',(47.3766658753602,-37.9399270551784,49.8831914961803));
#2214=CARTESIAN_POINT('Ctrl Pts',(46.8288429145725,-37.,49.494716196604));
#2215=CARTESIAN_POINT('Ctrl Pts',(46.8290283591933,-37.0015133635051,49.4945513313467));
#2216=CARTESIAN_POINT('Ctrl Pts',(46.8292160233469,-37.0030267327021,49.4943890278076));
#2217=CARTESIAN_POINT('Ctrl Pts',(46.8387519071753,-37.0790277137272,49.4863668679643));
#2218=CARTESIAN_POINT('Ctrl Pts',(46.8534482572918,-37.153322533351,49.4847335143933));
#2219=CARTESIAN_POINT('Ctrl Pts',(46.8928482608197,-37.2977158358928,49.4939723008718));
#2220=CARTESIAN_POINT('Ctrl Pts',(46.9173176590222,-37.3674944276329,49.504653781773));
#2221=CARTESIAN_POINT('Ctrl Pts',(46.9972866831106,-37.5508115686061,49.5504867799734));
#2222=CARTESIAN_POINT('Ctrl Pts',(47.0615169641192,-37.655868335561,49.5975855941218));
#2223=CARTESIAN_POINT('Ctrl Pts',(47.2092685891936,-37.829098200441,49.7220640187604));
#2224=CARTESIAN_POINT('Ctrl Pts',(47.2909647400415,-37.8959642286182,49.7977082223131));
#2225=CARTESIAN_POINT('Ctrl Pts',(47.3766658753602,-37.9399270551784,49.8831914961803));
#2226=CARTESIAN_POINT('Ctrl Pts',(47.3766658753602,-37.9399270551784,49.8831914961803));
#2227=CARTESIAN_POINT('Ctrl Pts',(47.396830216089,-37.9502709253134,49.9033045769984));
#2228=CARTESIAN_POINT('Ctrl Pts',(47.4224410092191,-37.9599729702844,49.9221696644419));
#2229=CARTESIAN_POINT('Ctrl Pts',(47.4811051032937,-37.9771183263733,49.955507856837));
#2230=CARTESIAN_POINT('Ctrl Pts',(47.5265623113864,-37.9856838483716,49.9721630385003));
#2231=CARTESIAN_POINT('Ctrl Pts',(47.6180788088587,-37.9969273158056,49.9940253362887));
#2232=CARTESIAN_POINT('Ctrl Pts',(47.6822771764631,-38.,50.));
#2233=CARTESIAN_POINT('Ctrl Pts',(47.7360679774998,-38.,50.));
#2234=CARTESIAN_POINT('Ctrl Pts',(46.7511105835735,-37.0506392528603,49.560359672534));
#2235=CARTESIAN_POINT('Ctrl Pts',(47.2165935694048,-36.7627201292295,49.1871311789386));
#2236=CARTESIAN_POINT('Ctrl Pts',(47.5,-36.3071948903312,48.5966354988852));
#2237=CARTESIAN_POINT('Ctrl Pts',(47.5,-35.8469332197626,48.));
#2238=CARTESIAN_POINT('Ctrl Pts',(46.8059945699863,-37.2693050024871,49.5163531928239));
#2239=CARTESIAN_POINT('Ctrl Pts',(47.2805736484401,-36.9904344973742,49.1084570620366));
#2240=CARTESIAN_POINT('Ctrl Pts',(47.5420690242639,-36.5496578047496,48.4709869090822));
#2241=CARTESIAN_POINT('Ctrl Pts',(47.5,-36.1130075080188,47.8631617946111));
#2242=CARTESIAN_POINT('Ctrl Pts',(46.9919467360098,-37.6504959378579,49.5522278995882));
#2243=CARTESIAN_POINT('Ctrl Pts',(47.531377260596,-37.3866119808385,49.0751483544714));
#2244=CARTESIAN_POINT('Ctrl Pts',(47.8161514709358,-36.9725607710776,48.3296405746113));
#2245=CARTESIAN_POINT('Ctrl Pts',(47.7512822888604,-36.5734957789794,47.6263392552599));
#2246=CARTESIAN_POINT('Ctrl Pts',(47.2613031802448,-37.8814098541808,49.7694080497959));
#2247=CARTESIAN_POINT('Ctrl Pts',(47.9119573833924,-37.605172139518,49.2321018719259));
#2248=CARTESIAN_POINT('Ctrl Pts',(48.2949223680673,-37.1689991392511,48.3849342233669));
#2249=CARTESIAN_POINT('Ctrl Pts',(48.2756005247436,-36.7362210220807,47.5426519873792));
#2250=CARTESIAN_POINT('Ctrl Pts',(47.3766658753602,-37.9399270551784,49.8831914961803));
#2251=CARTESIAN_POINT('Ctrl Pts',(48.0748903541072,-37.6520079315477,49.3233487557871));
#2252=CARTESIAN_POINT('Ctrl Pts',(48.5,-37.1964826926493,48.437605235707));
#2253=CARTESIAN_POINT('Ctrl Pts',(48.5,-36.7362210220807,47.5426519873792));
#2254=CARTESIAN_POINT('',(47.5,-35.8469332197626,48.));
#2255=CARTESIAN_POINT('Origin',(45.5,-35.8469332197626,48.));
#2256=CARTESIAN_POINT('',(48.5,-36.7362210220807,47.5426519873792));
#2257=CARTESIAN_POINT('Origin',(48.5,-35.8469332197626,48.));
#2258=CARTESIAN_POINT('Origin',(45.5,-36.7362210220807,47.5426519873792));
#2259=CARTESIAN_POINT('Origin',(48.5,-37.1107121976819,50.4573480126208));
#2260=CARTESIAN_POINT('',(48.5,-4.88928780231815,-14.3819403843814));
#2261=CARTESIAN_POINT('Origin',(48.5,-4.,-13.9245923717606));
#2262=CARTESIAN_POINT('',(48.5,-38.,50.));
#2263=CARTESIAN_POINT('',(47.5,-37.1107121976819,50.4573480126208));
#2264=CARTESIAN_POINT('Ctrl Pts',(47.5,-4.,-13.9245923717606));
#2265=CARTESIAN_POINT('Ctrl Pts',(47.5,-3.69847312398366,-14.8040457601416));
#2266=CARTESIAN_POINT('Ctrl Pts',(47.3385054171016,-2.99459154202641,-16.8570337075169));
#2267=CARTESIAN_POINT('Ctrl Pts',(46.8356560658516,-2.45803512162975,-18.4219899336739));
#2268=CARTESIAN_POINT('Ctrl Pts',(46.4858567957596,-2.2598602417465,-19.));
#2269=CARTESIAN_POINT('Ctrl Pts',(47.5,-4.26607428825616,-14.0614305771495));
#2270=CARTESIAN_POINT('Ctrl Pts',(47.5413404230935,-3.94182678439821,-14.9289512799879));
#2271=CARTESIAN_POINT('Ctrl Pts',(47.4484150123093,-3.15872503450754,-16.9629511140793));
#2272=CARTESIAN_POINT('Ctrl Pts',(46.9358157039389,-2.5357878507379,-18.5194447685312));
#2273=CARTESIAN_POINT('Ctrl Pts',(46.5645327095083,-2.30443320427081,-19.0943426961276));
#2274=CARTESIAN_POINT('Ctrl Pts',(47.7512227919509,-4.72662604360615,-14.2982857656152));
#2275=CARTESIAN_POINT('Ctrl Pts',(47.8149684927283,-4.32696130186695,-15.1468116558566));
#2276=CARTESIAN_POINT('Ctrl Pts',(47.733647454318,-3.36982543590934,-17.1487843562713));
#2277=CARTESIAN_POINT('Ctrl Pts',(47.1507090537846,-2.62022864283182,-18.6898304109071));
#2278=CARTESIAN_POINT('Ctrl Pts',(46.7245629231432,-2.34286239102138,-19.2593765469946));
#2279=CARTESIAN_POINT('Ctrl Pts',(48.2756005247436,-4.88928780231814,-14.3819403843814));
#2280=CARTESIAN_POINT('Ctrl Pts',(48.2945877295082,-4.44375195985349,-15.2475041701265));
#2281=CARTESIAN_POINT('Ctrl Pts',(48.1004710672148,-3.40033913641442,-17.2763425963684));
#2282=CARTESIAN_POINT('Ctrl Pts',(47.3976666507903,-2.60222620451882,-18.8290370000676));
#2283=CARTESIAN_POINT('Ctrl Pts',(46.9025234748216,-2.30723413385516,-19.4026002952816));
#2284=CARTESIAN_POINT('Ctrl Pts',(48.5,-4.88928780231814,-14.3819403843814));
#2285=CARTESIAN_POINT('Ctrl Pts',(48.5,-4.43699748829363,-15.2613937727624));
#2286=CARTESIAN_POINT('Ctrl Pts',(48.2577581256524,-3.38117511535776,-17.3143817201377));
#2287=CARTESIAN_POINT('Ctrl Pts',(47.5034840987774,-2.57634048476277,-18.8793379462946));
#2288=CARTESIAN_POINT('Ctrl Pts',(46.9787851936394,-2.27907816493789,-19.4573480126208));
#2289=CARTESIAN_POINT('',(46.9787851936395,-2.2790781649379,-19.4573480126208));
#2290=CARTESIAN_POINT('Origin',(46.9787851936395,-1.38979036261975,-19.));
#2291=CARTESIAN_POINT('Origin',(45.5,-4.88928780231815,-14.3819403843814));
#2292=CARTESIAN_POINT('Origin',(46.9787851936395,-1.38979036261975,-19.));
#2293=CARTESIAN_POINT('',(46.9787851936395,-1.38979036261975,-20.));
#2294=CARTESIAN_POINT('Origin',(46.9787851936395,-1.38979036261975,-19.));
#2295=CARTESIAN_POINT('Origin',(46.9787851936395,-1.38979036261975,-19.));
#2296=CARTESIAN_POINT('Origin',(45.5,-4.,-19.));
#2297=CARTESIAN_POINT('',(45.5,-1.,-20.));
#2298=CARTESIAN_POINT('Origin',(45.5,-1.,-19.));
#2299=CARTESIAN_POINT('Origin',(45.5,-4.,-20.));
#2300=CARTESIAN_POINT('Origin',(21.25,-1.,-19.));
#2301=CARTESIAN_POINT('',(-45.5,-1.,-20.));
#2302=CARTESIAN_POINT('Origin',(-45.5,-1.,-19.));
#2303=CARTESIAN_POINT('',(21.25,-1.,-20.));
#2304=CARTESIAN_POINT('Origin',(-45.5,-4.,-19.));
#2305=CARTESIAN_POINT('',(-46.9787851936395,-1.38979036261975,-20.));
#2306=CARTESIAN_POINT('Origin',(-46.9787851936395,-1.38979036261974,-19.));
#2307=CARTESIAN_POINT('Origin',(-45.5,-4.,-20.));
#2308=CARTESIAN_POINT('Origin',(-46.9787851936395,-1.38979036261975,-19.));
#2309=CARTESIAN_POINT('Origin',(-46.9787851936395,-1.38979036261975,-19.));
#2310=CARTESIAN_POINT('Origin',(45.5,-28.,48.));
#2311=CARTESIAN_POINT('',(47.5,-28.,48.));
#2312=CARTESIAN_POINT('',(45.5,-28.,50.));
#2313=CARTESIAN_POINT('Origin',(-7.49999999999999,-18.,50.));
#2314=CARTESIAN_POINT('',(-45.5,-28.,50.));
#2315=CARTESIAN_POINT('Origin',(-45.5,-28.,48.));
#2316=CARTESIAN_POINT('Origin',(57.5,-38.,50.));
#2317=CARTESIAN_POINT('',(55.5,-2.2790781649379,-19.4573480126208));
#2318=CARTESIAN_POINT('',(50.,-2.2790781649379,-19.4573480126208));
#2319=CARTESIAN_POINT('',(55.5,-38.,50.));
#2320=CARTESIAN_POINT('',(55.5,-19.5816655907037,14.1865719819238));
#2321=CARTESIAN_POINT('',(8.88178419700125E-15,-38.,50.));
#2322=CARTESIAN_POINT('Origin',(42.5,0.,-20.));
#2323=CARTESIAN_POINT('',(-55.5,-1.38979036261974,-20.));
#2324=CARTESIAN_POINT('',(50.,-1.38979036261975,-20.));
#2325=CARTESIAN_POINT('',(-55.5,2.,-20.));
#2326=CARTESIAN_POINT('',(-55.5,0.999999999999994,-20.));
#2327=CARTESIAN_POINT('',(55.5,2.,-20.));
#2328=CARTESIAN_POINT('',(57.5,2.,-20.));
#2329=CARTESIAN_POINT('',(55.5,-1.38979036261975,-20.));
#2330=CARTESIAN_POINT('',(55.5,1.,-20.));
#2331=CARTESIAN_POINT('',(50.,-1.38979036261975,-20.));
#2332=CARTESIAN_POINT('Origin',(50.,-1.38979036261975,-19.));
#2333=CARTESIAN_POINT('',(-55.5,-2.27907816493789,-19.4573480126208));
#2334=CARTESIAN_POINT('',(50.,-2.27907816493789,-19.4573480126208));
#2335=CARTESIAN_POINT('Origin',(-55.5,-1.38979036261974,-19.));
#2336=CARTESIAN_POINT('Origin',(50.,-1.38979036261975,-19.));
#2337=CARTESIAN_POINT('Origin',(55.5,-1.38979036261975,-19.));
#2338=CARTESIAN_POINT('Ctrl Pts',(-55.5000000000002,-2.27907816493788,-19.4573480126208));
#2339=CARTESIAN_POINT('Ctrl Pts',(-55.7991993003421,-2.27907816493786,-19.4573480126208));
#2340=CARTESIAN_POINT('Ctrl Pts',(-56.3965510284171,-2.17647966068074,-19.3576334533835));
#2341=CARTESIAN_POINT('Ctrl Pts',(-57.237782993211,-1.67484338472225,-18.8700976894187));
#2342=CARTESIAN_POINT('Ctrl Pts',(-57.4999999999999,-1.11606716385631,-18.3270281292982));
#2343=CARTESIAN_POINT('Ctrl Pts',(-57.5,-0.779580725239657,-18.0000000000001));
#2344=CARTESIAN_POINT('Ctrl Pts',(-55.5000000000002,-2.19555227278116,-19.6197594695922));
#2345=CARTESIAN_POINT('Ctrl Pts',(-55.8159487688132,-2.19555227278113,-19.6197594695922));
#2346=CARTESIAN_POINT('Ctrl Pts',(-56.4452008524603,-2.08583666610625,-19.4941021405142));
#2347=CARTESIAN_POINT('Ctrl Pts',(-57.2674976075536,-1.58885603468784,-18.9266173244932));
#2348=CARTESIAN_POINT('Ctrl Pts',(-57.5,-1.08280787782428,-18.3473232661673));
#2349=CARTESIAN_POINT('Ctrl Pts',(-57.5,-0.779580725239646,-18.0000000000001));
#2350=CARTESIAN_POINT('Ctrl Pts',(-55.5000000000002,-1.93725226295067,-19.8971701965923));
#2351=CARTESIAN_POINT('Ctrl Pts',(-55.8337692074927,-1.93725226295065,-19.8971701965923));
#2352=CARTESIAN_POINT('Ctrl Pts',(-56.4965799181614,-1.83630314247975,-19.7317366893401));
#2353=CARTESIAN_POINT('Ctrl Pts',(-57.2971978810957,-1.41285441753648,-19.0377969365016));
#2354=CARTESIAN_POINT('Ctrl Pts',(-57.5,-1.01628930576022,-18.3879135399056));
#2355=CARTESIAN_POINT('Ctrl Pts',(-57.5,-0.779580725239624,-18.0000000000001));
#2356=CARTESIAN_POINT('Ctrl Pts',(-55.5000000000001,-1.57242129104137,-20.));
#2357=CARTESIAN_POINT('Ctrl Pts',(-55.8159487688131,-1.57242129104136,-20.));
#2358=CARTESIAN_POINT('Ctrl Pts',(-56.4452008524603,-1.51085397568672,-19.844962119535));
#2359=CARTESIAN_POINT('Ctrl Pts',(-57.2674976075536,-1.23348975488873,-19.1434652532266));
#2360=CARTESIAN_POINT('Ctrl Pts',(-57.5,-0.949770733696154,-18.4285038136439));
#2361=CARTESIAN_POINT('Ctrl Pts',(-57.5,-0.779580725239602,-18.0000000000002));
#2362=CARTESIAN_POINT('Ctrl Pts',(-55.5000000000001,-1.38979036261974,-20.));
#2363=CARTESIAN_POINT('Ctrl Pts',(-55.799199300342,-1.38979036261973,-20.));
#2364=CARTESIAN_POINT('Ctrl Pts',(-56.3965510284171,-1.34803864339634,-19.8631561461315));
#2365=CARTESIAN_POINT('Ctrl Pts',(-57.237782993211,-1.14390138917671,-19.1940836119905));
#2366=CARTESIAN_POINT('Ctrl Pts',(-57.5,-0.916511447664121,-18.448798950513));
#2367=CARTESIAN_POINT('Ctrl Pts',(-57.5,-0.779580725239591,-18.0000000000002));
#2368=CARTESIAN_POINT('',(-57.5,-0.779580725239493,-18.));
#2369=CARTESIAN_POINT('Origin',(-55.5,-0.77958072523949,-18.));
#2370=CARTESIAN_POINT('Origin',(-55.5,-0.779580725239492,-18.));
#2371=CARTESIAN_POINT('Origin',(-55.5,0.999999999999994,-18.));
#2372=CARTESIAN_POINT('',(-57.5,1.99999999999999,-18.));
#2373=CARTESIAN_POINT('',(-57.5,0.999999999999994,-18.));
#2374=CARTESIAN_POINT('Origin',(-55.5,2.,-18.));
#2375=CARTESIAN_POINT('Origin',(-55.5,-32.0380803024005,42.7804158444797));
#2376=CARTESIAN_POINT('',(-55.5,-38.,50.));
#2377=CARTESIAN_POINT('',(-55.5,-33.8166559070368,41.8657198192382));
#2378=CARTESIAN_POINT('',(-57.5,-38.,54.373037478701));
#2379=CARTESIAN_POINT('Origin',(-55.5,-38.,54.373037478701));
#2380=CARTESIAN_POINT('',(-57.5,-32.0380803024005,42.7804158444797));
#2381=CARTESIAN_POINT('Origin',(0.,2.,0.));
#2382=CARTESIAN_POINT('',(-57.5,1.99999999999999,55.));
#2383=CARTESIAN_POINT('',(-57.5,1.99999999999999,50.));
#2384=CARTESIAN_POINT('',(57.5,2.,55.));
#2385=CARTESIAN_POINT('',(42.5,2.,55.));
#2386=CARTESIAN_POINT('',(57.5,2.,-18.));
#2387=CARTESIAN_POINT('',(57.5,2.,55.));
#2388=CARTESIAN_POINT('Origin',(55.5,2.,-18.));
#2389=CARTESIAN_POINT('',(-39.55,1.99999999999999,-15.8));
#2390=CARTESIAN_POINT('Origin',(-37.8,1.99999999999999,-15.8));
#2391=CARTESIAN_POINT('',(36.05,1.99999999999999,-15.8));
#2392=CARTESIAN_POINT('Origin',(37.8,1.99999999999999,-15.8));
#2393=CARTESIAN_POINT('',(36.05,1.99999999999999,15.8));
#2394=CARTESIAN_POINT('Origin',(37.8,1.99999999999999,15.8));
#2395=CARTESIAN_POINT('',(-39.55,1.99999999999999,15.8));
#2396=CARTESIAN_POINT('Origin',(-37.8,1.99999999999999,15.8));
#2397=CARTESIAN_POINT('',(-36.5,2.,-13.));
#2398=CARTESIAN_POINT('',(36.5,2.,-13.));
#2399=CARTESIAN_POINT('',(-18.25,2.,-13.));
#2400=CARTESIAN_POINT('',(36.5,2.,13.));
#2401=CARTESIAN_POINT('',(36.5,2.,-6.5));
#2402=CARTESIAN_POINT('',(-36.5,2.,13.));
#2403=CARTESIAN_POINT('',(18.25,2.,13.));
#2404=CARTESIAN_POINT('',(-36.5,2.,6.50000000000001));
#2405=CARTESIAN_POINT('Origin',(-57.5,1.99999999999999,50.));
#2406=CARTESIAN_POINT('',(-57.5,-38.,55.));
#2407=CARTESIAN_POINT('',(-57.5,-38.,50.));
#2408=CARTESIAN_POINT('',(-57.5,1.99999999999999,55.));
#2409=CARTESIAN_POINT('Origin',(-57.5,-38.,50.));
#2410=CARTESIAN_POINT('',(57.5,-38.,54.373037478701));
#2411=CARTESIAN_POINT('Origin',(55.5,-38.,54.373037478701));
#2412=CARTESIAN_POINT('',(57.5,-38.,55.));
#2413=CARTESIAN_POINT('',(57.5,-38.,50.));
#2414=CARTESIAN_POINT('',(-57.5,-38.,55.));
#2415=CARTESIAN_POINT('',(-57.5,-38.,50.));
#2416=CARTESIAN_POINT('Ctrl Pts',(57.5,-0.77958072523949,-18.));
#2417=CARTESIAN_POINT('Ctrl Pts',(57.5,-1.11606716385615,-18.3270281292981));
#2418=CARTESIAN_POINT('Ctrl Pts',(57.237782993211,-1.67484338472225,-18.8700976894187));
#2419=CARTESIAN_POINT('Ctrl Pts',(56.3965510284171,-2.17647966068074,-19.3576334533834));
#2420=CARTESIAN_POINT('Ctrl Pts',(55.7991993003419,-2.27907816493789,-19.4573480126208));
#2421=CARTESIAN_POINT('Ctrl Pts',(55.5,-2.27907816493789,-19.4573480126208));
#2422=CARTESIAN_POINT('Ctrl Pts',(57.5,-0.77958072523949,-18.));
#2423=CARTESIAN_POINT('Ctrl Pts',(57.5,-1.08280787782413,-18.3473232661672));
#2424=CARTESIAN_POINT('Ctrl Pts',(57.2674976075536,-1.58885603468784,-18.9266173244932));
#2425=CARTESIAN_POINT('Ctrl Pts',(56.4452008524603,-2.08583666610626,-19.4941021405142));
#2426=CARTESIAN_POINT('Ctrl Pts',(55.815948768813,-2.19555227278117,-19.6197594695922));
#2427=CARTESIAN_POINT('Ctrl Pts',(55.5,-2.19555227278117,-19.6197594695922));
#2428=CARTESIAN_POINT('Ctrl Pts',(57.5,-0.77958072523949,-18.));
#2429=CARTESIAN_POINT('Ctrl Pts',(57.5,-1.01628930576008,-18.3879135399055));
#2430=CARTESIAN_POINT('Ctrl Pts',(57.2971978810957,-1.41285441753648,-19.0377969365016));
#2431=CARTESIAN_POINT('Ctrl Pts',(56.4965799181613,-1.83630314247976,-19.7317366893401));
#2432=CARTESIAN_POINT('Ctrl Pts',(55.8337692074925,-1.93725226295069,-19.8971701965923));
#2433=CARTESIAN_POINT('Ctrl Pts',(55.5,-1.93725226295068,-19.8971701965923));
#2434=CARTESIAN_POINT('Ctrl Pts',(57.5,-0.77958072523949,-18.));
#2435=CARTESIAN_POINT('Ctrl Pts',(57.5,-0.949770733696041,-18.4285038136437));
#2436=CARTESIAN_POINT('Ctrl Pts',(57.2674976075536,-1.23348975488872,-19.1434652532266));
#2437=CARTESIAN_POINT('Ctrl Pts',(56.4452008524603,-1.51085397568672,-19.844962119535));
#2438=CARTESIAN_POINT('Ctrl Pts',(55.815948768813,-1.57242129104138,-20.));
#2439=CARTESIAN_POINT('Ctrl Pts',(55.5,-1.57242129104138,-20.));
#2440=CARTESIAN_POINT('Ctrl Pts',(57.5,-0.77958072523949,-18.));
#2441=CARTESIAN_POINT('Ctrl Pts',(57.5,-0.916511447664019,-18.4487989505128));
#2442=CARTESIAN_POINT('Ctrl Pts',(57.237782993211,-1.1439013891767,-19.1940836119905));
#2443=CARTESIAN_POINT('Ctrl Pts',(56.3965510284171,-1.34803864339633,-19.8631561461315));
#2444=CARTESIAN_POINT('Ctrl Pts',(55.7991993003419,-1.38979036261975,-20.));
#2445=CARTESIAN_POINT('Ctrl Pts',(55.5,-1.38979036261975,-20.));
#2446=CARTESIAN_POINT('',(57.5,-0.7795807252395,-18.));
#2447=CARTESIAN_POINT('Origin',(55.5,-0.7795807252395,-18.));
#2448=CARTESIAN_POINT('Origin',(55.5,-0.779580725239497,-18.));
#2449=CARTESIAN_POINT('Origin',(55.5,1.,-18.));
#2450=CARTESIAN_POINT('',(57.5,1.,-18.));
#2451=CARTESIAN_POINT('Origin',(55.5,-17.8030899860674,15.1012680071653));
#2452=CARTESIAN_POINT('',(57.5,-17.8030899860674,15.1012680071653));
#2453=CARTESIAN_POINT('Origin',(57.5,2.,-20.));
#2454=CARTESIAN_POINT('',(57.5,2.,55.));
#2455=CARTESIAN_POINT('Origin',(47.5,-38.,50.));
#2456=CARTESIAN_POINT('Origin',(-57.5,-38.,50.));
#2457=CARTESIAN_POINT('Origin',(-7.49999999999999,-18.,55.));
#2458=CARTESIAN_POINT('Origin',(36.5,2.,13.));
#2459=CARTESIAN_POINT('',(-36.5,2.,13.));
#2460=CARTESIAN_POINT('',(36.5,2.,13.));
#2461=CARTESIAN_POINT('Origin',(36.5,2.,-13.));
#2462=CARTESIAN_POINT('',(36.5,2.,-13.));
#2463=CARTESIAN_POINT('Origin',(-36.5,2.,-13.));
#2464=CARTESIAN_POINT('',(-36.5,2.,-13.));
#2465=CARTESIAN_POINT('Origin',(-36.5,2.,13.));
#2466=CARTESIAN_POINT('Origin',(-37.8,-92.0265919833321,15.8));
#2467=CARTESIAN_POINT('',(-39.55,-92.0265919833321,15.8));
#2468=CARTESIAN_POINT('Origin',(37.8,-92.0265919833321,15.8));
#2469=CARTESIAN_POINT('',(36.05,-92.0265919833321,15.8));
#2470=CARTESIAN_POINT('Origin',(37.8,-92.0265919833321,-15.8));
#2471=CARTESIAN_POINT('',(36.05,-92.0265919833321,-15.8));
#2472=CARTESIAN_POINT('Origin',(-37.8,-92.0265919833321,-15.8));
#2473=CARTESIAN_POINT('',(-39.55,-92.0265919833321,-15.8));
#2474=CARTESIAN_POINT('',(0.,-2.,0.));
#2475=CARTESIAN_POINT('',(0.,2.,0.));
#2476=UNCERTAINTY_MEASURE_WITH_UNIT(LENGTH_MEASURE(0.01),#2480,
'DISTANCE_ACCURACY_VALUE',
'Maximum model space distance between geometric entities at asserted c
onnectivities');
#2477=UNCERTAINTY_MEASURE_WITH_UNIT(LENGTH_MEASURE(0.01),#2480,
'DISTANCE_ACCURACY_VALUE',
'Maximum model space distance between geometric entities at asserted c
onnectivities');
#2478=(
GEOMETRIC_REPRESENTATION_CONTEXT(3)
GLOBAL_UNCERTAINTY_ASSIGNED_CONTEXT((#2476))
GLOBAL_UNIT_ASSIGNED_CONTEXT((#2480,#2482,#2483))
REPRESENTATION_CONTEXT('','3D')
);
#2479=(
GEOMETRIC_REPRESENTATION_CONTEXT(3)
GLOBAL_UNCERTAINTY_ASSIGNED_CONTEXT((#2477))
GLOBAL_UNIT_ASSIGNED_CONTEXT((#2480,#2482,#2483))
REPRESENTATION_CONTEXT('','3D')
);
#2480=(
LENGTH_UNIT()
NAMED_UNIT(*)
SI_UNIT(.MILLI.,.METRE.)
);
#2481=(
LENGTH_UNIT()
NAMED_UNIT(*)
SI_UNIT(.CENTI.,.METRE.)
);
#2482=(
NAMED_UNIT(*)
PLANE_ANGLE_UNIT()
SI_UNIT($,.RADIAN.)
);
#2483=(
NAMED_UNIT(*)
SI_UNIT($,.STERADIAN.)
SOLID_ANGLE_UNIT()
);
#2484=SHAPE_DEFINITION_REPRESENTATION(#2485,#2486);
#2485=PRODUCT_DEFINITION_SHAPE('',$,#2488);
#2486=SHAPE_REPRESENTATION('',(#1334),#2478);
#2487=PRODUCT_DEFINITION_CONTEXT('part definition',#2492,'design');
#2488=PRODUCT_DEFINITION('LCD_podstawa','LCD_podstawa',#2489,#2487);
#2489=PRODUCT_DEFINITION_FORMATION('',$,#2494);
#2490=PRODUCT_RELATED_PRODUCT_CATEGORY('LCD_podstawa','LCD_podstawa',(#2494));
#2491=APPLICATION_PROTOCOL_DEFINITION('international standard',
'automotive_design',2009,#2492);
#2492=APPLICATION_CONTEXT(
'Core Data for Automotive Mechanical Design Process');
#2493=PRODUCT_CONTEXT('part definition',#2492,'mechanical');
#2494=PRODUCT('LCD_podstawa','LCD_podstawa',$,(#2493));
#2495=PRESENTATION_STYLE_ASSIGNMENT((#2497));
#2496=PRESENTATION_STYLE_ASSIGNMENT((#2498));
#2497=SURFACE_STYLE_USAGE(.BOTH.,#2501);
#2498=SURFACE_STYLE_USAGE(.BOTH.,#2502);
#2499=SURFACE_STYLE_RENDERING_WITH_PROPERTIES($,#2509,(#2500));
#2500=SURFACE_STYLE_TRANSPARENT(0.);
#2501=SURFACE_SIDE_STYLE('',(#2503,#2499));
#2502=SURFACE_SIDE_STYLE('',(#2504));
#2503=SURFACE_STYLE_FILL_AREA(#2505);
#2504=SURFACE_STYLE_FILL_AREA(#2506);
#2505=FILL_AREA_STYLE('',(#2507));
#2506=FILL_AREA_STYLE('',(#2508));
#2507=FILL_AREA_STYLE_COLOUR('',#2509);
#2508=FILL_AREA_STYLE_COLOUR('',#2510);
#2509=COLOUR_RGB('',0.749019607843137,0.749019607843137,0.749019607843137);
#2510=COLOUR_RGB('',1.,1.,0.);
ENDSEC;
END-ISO-10303-21;
